country,continent,total_confirmed,total_deaths,total_recovered,active_cases,serious_or_critical,total_cases_per_1m_population,total_deaths_per_1m_population,total_tests,total_tests_per_1m_population,population,vaccines,total_vaccinations,people_vaccinated,people_fully_vaccinated,total_boosters,daily_vaccinations,total_vaccinations_per_hundred,people_vaccinated_per_hundred,people_fully_vaccinated_per_hundred,total_boosters_per_hundred,daily_vaccinations_per_million,daily_people_vaccinated,daily_people_vaccinated_per_hundred,vaccines_vaccines,vaccinated_percent,tested_positive
Afghanistan,Asia,179267,7690.0,162202.0,9375.0,1124.0,4420,190.0,951337.0,23455.0,40560636,"CanSino, Covaxin, Johnson&Johnson, Moderna, Oxford/AstraZeneca, Pfizer/BioNTech, Sinopharm/Beijing, Sinovac, Sputnik Light, Sputnik V",22964750.0,19151369.0,18370386.0,2729940.0,218908.0,55.84,46.56,44.67,6.64,5323.0,188998.0,0.46,"CanSino, Covaxin, Johnson&Johnson, Moderna, Oxford/AstraZeneca, Pfizer/BioNTech, Sinopharm/Beijing, Sinovac, Sputnik Light, Sputnik V",56.61831831236571,18.843690511354023
Albania,Europe,275574,3497.0,271826.0,251.0,2.0,95954,1218.0,1817530.0,632857.0,2871945,"Oxford/AstraZeneca, Pfizer/BioNTech, Sinovac, Sputnik V",3088966.0,1349255.0,1279333.0,402371.0,17565.0,108.68,47.47,45.01,14.16,6180.0,6816.0,0.24,"Oxford/AstraZeneca, Pfizer/BioNTech, Sinovac, Sputnik V",107.55658621596164,15.16200557900007
Algeria,Africa,265816,6875.0,178371.0,80570.0,6.0,5865,152.0,230861.0,5093.0,45325517,"Oxford/AstraZeneca, Sinopharm/Beijing, Sinovac, Sputnik V",15267442.0,7840131.0,6481186.0,575651.0,256927.0,34.0,17.46,14.43,1.28,5722.0,105248.0,0.234,"Oxford/AstraZeneca, Sinopharm/Beijing, Sinovac, Sputnik V",33.68398864595411,115.14114553779113
Andorra,Europe,42156,153.0,41021.0,982.0,14.0,543983,1974.0,249838.0,3223924.0,77495,"Moderna, Oxford/AstraZeneca, Pfizer/BioNTech",157072.0,57913.0,53501.0,43071.0,1762.0,196.73,72.53,67.01,53.94,22068.0,854.0,1.07,"Moderna, Oxford/AstraZeneca, Pfizer/BioNTech",202.68662494354476,16.873333920380407
Angola,Africa,99194,1900.0,97149.0,145.0,,2853,55.0,1499795.0,43136.0,34769277,Oxford/AstraZeneca,27819132.0,16550642.0,9609080.0,3067091.0,183173.0,78.17,46.5,27.0,8.62,5147.0,147117.0,0.413,Oxford/AstraZeneca,80.01067149023548,6.613837224420671
Anguilla,North America,2984,9.0,2916.0,59.0,4.0,195646,590.0,51382.0,3368870.0,15252,"Oxford/AstraZeneca, Pfizer/BioNTech",24604.0,10854.0,10380.0,3309.0,331.0,154.97,68.36,65.38,20.84,20848.0,331.0,2.085,"Oxford/AstraZeneca, Pfizer/BioNTech",161.31654864935746,5.807481219103967
Antigua And Barbuda,North America,7721,137.0,7511.0,73.0,1.0,77646,1378.0,18901.0,190076.0,99439,"Johnson&Johnson, Oxford/AstraZeneca, Pfizer/BioNTech, Sinopharm/Beijing, Sputnik V",136512.0,64290.0,62384.0,9838.0,1278.0,145.58,68.56,66.53,10.49,13629.0,895.0,0.954,"Johnson&Johnson, Oxford/AstraZeneca, Pfizer/BioNTech, Sinopharm/Beijing, Sputnik V",137.28215287764357,40.84969049256653
Argentina,South America,9101319,128729.0,8895999.0,76591.0,372.0,197992,2800.0,35716069.0,776974.0,45968174,"CanSino, Moderna, Oxford/AstraZeneca, Pfizer/BioNTech, Sinopharm/Beijing, Sputnik V",116978521.0,41529058.0,34900613.0,37713094.0,453344.0,257.04,91.25,76.69,82.87,9961.0,320974.0,0.705,"CanSino, Moderna, Oxford/AstraZeneca, Pfizer/BioNTech, Sinopharm/Beijing, Sputnik V",254.47719763678234,25.48242081176403
Armenia,Asia,422896,8623.0,412048.0,2225.0,,142219,2900.0,3068217.0,1031834.0,2973558,"Johnson&Johnson, Moderna, Oxford/AstraZeneca, Pfizer/BioNTech, Sinopharm/Beijing, Sinopharm/Wuhan, Sinovac, Sputnik Light, Sputnik V",2256919.0,1150915.0,1030758.0,81354.0,17910.0,81.17,41.39,37.07,2.93,6441.0,14234.0,0.512,"Johnson&Johnson, Moderna, Oxford/AstraZeneca, Pfizer/BioNTech, Sinopharm/Beijing, Sinopharm/Wuhan, Sinovac, Sputnik Light, Sputnik V",75.89961251806758,13.783118990605944
Aruba,North America,35693,213.0,35199.0,281.0,,331689,1979.0,177885.0,1653053.0,107610,Pfizer/BioNTech,174914.0,90546.0,84368.0,0.0,2679.0,164.3,85.05,79.25,0.0,25165.0,1796.0,1.687,Pfizer/BioNTech,162.54437319951677,20.065210669814768
Australia,Australia/Oceania,6593795,7794.0,6199822.0,386179.0,129.0,253112,299.0,70885598.0,2721042.0,26050899,"Johnson&Johnson, Moderna, Novavax, Oxford/AstraZeneca, Pfizer/BioNTech",69686752.0,22231734.0,21647523.0,19790466.0,295848.0,266.21,84.93,82.7,75.6,11302.0,155677.0,0.595,"Johnson&Johnson, Moderna, Novavax, Oxford/AstraZeneca, Pfizer/BioNTech",267.5022923393162,9.30202352246503
Austria,Europe,4212492,18303.0,4135885.0,58304.0,58.0,462804,2011.0,185034905.0,20328801.0,9102106,"Johnson&Johnson, Moderna, Novavax, Oxford/AstraZeneca, Pfizer/BioNTech, Sanofi/GSK, Valneva",20468731.0,6899873.0,6683263.0,5405966.0,113669.0,228.97,77.18,74.76,60.47,12715.0,52117.0,0.583,"Johnson&Johnson, Moderna, Novavax, Oxford/AstraZeneca, Pfizer/BioNTech, Sanofi/GSK, Valneva",224.87906644901742,2.2765931649490674
Azerbaijan,Asia,792638,9709.0,782869.0,60.0,,76885,942.0,6838458.0,663324.0,10309383,"Oxford/AstraZeneca, Pfizer/BioNTech, Sinovac, Sputnik V",13857111.0,5373253.0,4862494.0,3362453.0,85991.0,133.78,51.88,46.94,32.46,8302.0,51223.0,0.495,"Oxford/AstraZeneca, Pfizer/BioNTech, Sinovac, Sputnik V",134.41261227757278,11.59088788729857
Bahamas,North America,33871,801.0,32488.0,582.0,,84626,2001.0,233473.0,583330.0,400242,"Johnson&Johnson, Oxford/AstraZeneca, Pfizer/BioNTech",366359.0,174810.0,166972.0,36965.0,3473.0,89.36,42.64,40.73,9.02,8471.0,2992.0,0.73,"Johnson&Johnson, Oxford/AstraZeneca, Pfizer/BioNTech",91.5343717051184,14.507459106620466
Bahrain,Asia,576997,1479.0,569758.0,5760.0,4.0,318491,816.0,9775981.0,5396149.0,1811659,"CanSino, Covaxin, Johnson&Johnson, Moderna, Oxford/AstraZeneca, Pfizer/BioNTech, Sinopharm/Beijing, Sinovac, Sputnik Light, Sputnik V",3476633.0,1241174.0,1226796.0,1008663.0,22003.0,236.15,84.31,83.33,68.51,14945.0,12516.0,0.85,"CanSino, Covaxin, Johnson&Johnson, Moderna, Oxford/AstraZeneca, Pfizer/BioNTech, Sinopharm/Beijing, Sinovac, Sputnik Light, Sputnik V",191.90327760356666,5.9021902763518055
Bangladesh,Asia,1953012,29127.0,1899419.0,24466.0,1273.0,11643,174.0,14051455.0,83767.0,167745162,"Johnson&Johnson, Moderna, Oxford/AstraZeneca, Pfizer/BioNTech, Pfizer/BioNTech, Sinopharm/Beijing, Sinovac",361742554.0,151507162.0,142201684.0,68615250.0,3758404.0,211.32,88.5,83.07,40.08,21955.0,2824092.0,1.65,"Johnson&Johnson, Moderna, Oxford/AstraZeneca, Pfizer/BioNTech, Pfizer/BioNTech, Sinopharm/Beijing, Sinovac",215.6500668555794,13.89900191830668
Barbados,North America,76261,433.0,71497.0,4331.0,,264768,1503.0,669421.0,2324136.0,288030,"Johnson&Johnson, Oxford/AstraZeneca, Pfizer/BioNTech, Sinopharm/Beijing",384049.0,163853.0,155047.0,62848.0,5597.0,136.36,58.18,55.05,22.31,19872.0,3153.0,1.119,"Johnson&Johnson, Oxford/AstraZeneca, Pfizer/BioNTech, Sinopharm/Beijing",133.3364580078464,11.392083606579417
Belarus,Europe,982867,6978.0,,,,104078,739.0,13220483.0,1399951.0,9443535,"KoviVac/Chumakov, Sinopharm/Beijing, Sputnik Light, Sputnik V",22511000.0,6536392.0,6414996.0,5720777.0,77113.0,236.09,68.55,67.28,60.0,8087.0,41685.0,0.437,"KoviVac/Chumakov, Sinopharm/Beijing, Sputnik Light, Sputnik V",238.37471878909753,7.43442580728707
Belgium,Europe,4116397,31613.0,3941350.0,143434.0,117.0,352324,2706.0,33846023.0,2896893.0,11683561,"Johnson&Johnson, Moderna, Novavax, Oxford/AstraZeneca, Pfizer/BioNTech",31469387.0,9261641.0,9170945.0,13556521.0,155101.0,269.99,79.46,78.68,116.31,13307.0,100652.0,0.864,"Johnson&Johnson, Moderna, Novavax, Oxford/AstraZeneca, Pfizer/BioNTech",269.34756449681737,12.162129063139854
Belize,North America,57896,676.0,56761.0,459.0,6.0,140843,1644.0,549217.0,1336070.0,411069,"Johnson&Johnson, Oxford/AstraZeneca, Pfizer/BioNTech, Sinopharm/Beijing",510717.0,258473.0,221402.0,53198.0,4569.0,126.01,63.78,54.63,13.13,11274.0,2076.0,0.512,"Johnson&Johnson, Oxford/AstraZeneca, Pfizer/BioNTech, Sinopharm/Beijing",124.24118578632783,10.54155279242995
Benin,Africa,26952,163.0,25506.0,1283.0,5.0,2120,13.0,604310.0,47530.0,12714341,"Johnson&Johnson, Oxford/AstraZeneca, Pfizer/BioNTech, Sinovac",4232541.0,3697190.0,2742837.0,0.0,60281.0,31.7,27.69,20.54,0.0,4514.0,59279.0,0.444,"Johnson&Johnson, Oxford/AstraZeneca, Pfizer/BioNTech, Sinovac",33.28950356137215,4.459962601975807
Bermuda,North America,14135,135.0,13664.0,336.0,,228537,2183.0,893980.0,14454002.0,61850,"Oxford/AstraZeneca, Pfizer/BioNTech",132042.0,48554.0,47657.0,35831.0,1224.0,205.65,75.62,74.22,55.81,19063.0,479.0,0.746,"Oxford/AstraZeneca, Pfizer/BioNTech",213.4874696847211,1.5811315689389025
Bhutan,Asia,59570,21.0,59491.0,58.0,,75651,27.0,2303690.0,2925573.0,787432,"Moderna, Oxford/AstraZeneca, Pfizer/BioNTech, Sinopharm/Beijing",2011426.0,699116.0,677669.0,634641.0,91636.0,257.07,89.35,86.61,81.11,117113.0,91636.0,11.711,"Moderna, Oxford/AstraZeneca, Pfizer/BioNTech, Sinopharm/Beijing",255.44123175080514,2.5858513949359505
Bolivia,South America,906146,21943.0,863665.0,20538.0,220.0,75704,1833.0,2705422.0,226025.0,11969554,"Johnson&Johnson, Oxford/AstraZeneca, Pfizer/BioNTech, Sinopharm/Beijing, Sputnik V",14690530.0,7361008.0,6160585.0,2167589.0,107780.0,120.18,60.22,50.4,17.73,8817.0,69882.0,0.572,"Johnson&Johnson, Oxford/AstraZeneca, Pfizer/BioNTech, Sinopharm/Beijing, Sputnik V",122.73247608056239,33.493702646019734
Bosnia And Herzegovina,Europe,377511,15778.0,,,,116414,4866.0,1767199.0,544957.0,3242823,"Oxford/AstraZeneca, Pfizer/BioNTech, Sinovac, Sputnik V",1924950.0,943394.0,846080.0,120530.0,17247.0,59.53,29.18,26.17,3.73,5334.0,11388.0,0.352,"Oxford/AstraZeneca, Pfizer/BioNTech, Sinovac, Sputnik V",59.360316613025134,21.362110322606565
Botswana,Africa,306324,2690.0,303026.0,608.0,1.0,125541,1102.0,2026898.0,830683.0,2440037,"Covaxin, Johnson&Johnson, Moderna, Oxford/AstraZeneca, Pfizer/BioNTech, Sinovac",3171667.0,1951054.0,1663490.0,510809.0,56751.0,120.58,74.18,63.24,19.42,21576.0,16354.0,0.622,"Covaxin, Johnson&Johnson, Moderna, Oxford/AstraZeneca, Pfizer/BioNTech, Sinovac",129.98438138438064,15.112945989388713
Brazil,South America,30682094,664920.0,29718402.0,298772.0,8318.0,142460,3087.0,63776166.0,296119.0,215373503,"Johnson&Johnson, Oxford/AstraZeneca, Pfizer/BioNTech, Sinovac",486436436.0,189643431.0,176164186.0,126388587.0,1941268.0,225.92,88.08,81.82,58.7,9016.0,1260346.0,0.585,"Johnson&Johnson, Oxford/AstraZeneca, Pfizer/BioNTech, Sinovac",225.8571408387224,48.10902869263104
British Virgin Islands,North America,6573,62.0,,,1.0,214762,2026.0,103637.0,3386166.0,30606,"Johnson&Johnson, Oxford/AstraZeneca",41453.0,19466.0,18261.0,3726.0,343.0,132.3,62.13,58.28,11.89,10947.0,232.0,0.74,"Johnson&Johnson, Oxford/AstraZeneca",135.44076324903614,6.342329476924265
Brunei Darussalam,Asia,144659,220.0,142788.0,1651.0,,324871,494.0,717784.0,1611980.0,445281,"Johnson&Johnson, Moderna, Oxford/AstraZeneca, Pfizer/BioNTech, Sinopharm/Beijing",1293100.0,451149.0,446714.0,340466.0,7901.0,287.99,100.48,99.49,75.83,17597.0,4619.0,1.029,"Johnson&Johnson, Moderna, Oxford/AstraZeneca, Pfizer/BioNTech, Sinopharm/Beijing",290.40089291930263,20.153555944406673
Bulgaria,Europe,1161504,37045.0,1014302.0,110157.0,54.0,169536,5407.0,9924259.0,1448573.0,6851060,"Johnson&Johnson, Moderna, Oxford/AstraZeneca, Pfizer/BioNTech",4726614.0,2155863.0,2078006.0,768430.0,27038.0,69.69,31.79,30.64,11.33,3987.0,12994.0,0.192,"Johnson&Johnson, Moderna, Oxford/AstraZeneca, Pfizer/BioNTech",68.99098825583194,11.703684879646934
Burkina Faso,Africa,20853,382.0,20439.0,32.0,,949,17.0,248995.0,11333.0,21970296,"Johnson&Johnson, Oxford/AstraZeneca, Sinopharm/Beijing",7893609.0,6089089.0,5232347.0,4056.0,39484.0,34.81,26.86,23.08,0.02,1741.0,75658.0,0.334,"Johnson&Johnson, Oxford/AstraZeneca, Sinopharm/Beijing",35.928550985384994,8.374866965200106
Burundi,Africa,41235,38.0,,,,3286,3.0,345742.0,27549.0,12549999,"Johnson&Johnson, Sinopharm/Beijing",42252.0,36909.0,36321.0,314.0,410.0,0.33,0.29,0.28,0.0,32.0,265.0,0.002,"Johnson&Johnson, Sinopharm/Beijing",0.33666934953540634,11.926523245657167
Cabo Verde,Africa,56105,401.0,55613.0,91.0,23.0,98910,707.0,400982.0,706908.0,567234,"Moderna, Oxford/AstraZeneca, Pfizer/BioNTech, Sinopharm/Beijing",859940.0,356734.0,308720.0,749.0,6701.0,144.98,60.14,52.05,0.13,11297.0,3410.0,0.575,"Moderna, Oxford/AstraZeneca, Pfizer/BioNTech, Sinopharm/Beijing",151.6023369544139,13.991899885780409
Cambodia,Asia,136262,3056.0,133194.0,12.0,,7945,178.0,2961934.0,172709.0,17149867,"Johnson&Johnson, Moderna, Oxford/AstraZeneca, Pfizer/BioNTech, Sinopharm/Beijing, Sinovac",47826645.0,15316670.0,14693274.0,10782710.0,593431.0,285.23,91.35,87.63,64.31,35391.0,191715.0,1.143,"Johnson&Johnson, Moderna, Oxford/AstraZeneca, Pfizer/BioNTech, Sinopharm/Beijing, Sinovac",278.87472829964224,4.600440117841924
Cameroon,Africa,119780,1927.0,117791.0,62.0,13.0,4312,69.0,1751774.0,63068.0,27776053,"Johnson&Johnson, Oxford/AstraZeneca, Pfizer/BioNTech, Sinopharm/Beijing",4880572.0,3753733.0,3197286.0,803560.0,232219.0,17.48,13.45,11.45,2.88,8319.0,184507.0,0.661,"Johnson&Johnson, Oxford/AstraZeneca, Pfizer/BioNTech, Sinopharm/Beijing",17.57115022785995,6.837640015207441
Canada,North America,3821346,40228.0,3499564.0,281554.0,423.0,99622,1049.0,61436458.0,1601640.0,38358465,"Johnson&Johnson, Medicago, Moderna, Novavax, Oxford/AstraZeneca, Pfizer/BioNTech",102877159.0,34742937.0,31758251.0,34890285.0,545858.0,267.53,90.35,82.59,90.73,14195.0,343277.0,0.893,"Johnson&Johnson, Medicago, Moderna, Novavax, Oxford/AstraZeneca, Pfizer/BioNTech",268.1993635563884,6.2199972530968495
Caribbean Netherlands,North America,9915,35.0,9829.0,51.0,,371668,1312.0,30126.0,1129287.0,26677,,,,,,,,,,,,,,,,32.91177056363274
Cayman Islands,North America,23578,28.0,8553.0,14997.0,1.0,351077,417.0,222773.0,3317098.0,67159,"Oxford/AstraZeneca, Pfizer/BioNTech",152148.0,62113.0,60696.0,24064.0,1024.0,221.4,90.38,88.32,35.02,14901.0,670.0,0.975,"Oxford/AstraZeneca, Pfizer/BioNTech",226.5489361068509,10.583867883450868
Central African Republic,Africa,14649,113.0,6859.0,7677.0,2.0,2938,23.0,81294.0,16304.0,4986136,"Covaxin, Oxford/AstraZeneca",3342248.0,2600389.0,2484985.0,366221.0,25469.0,59.91,46.61,44.54,6.56,4565.0,26928.0,0.483,"Covaxin, Oxford/AstraZeneca",67.03082306619795,18.019780057568823
Chad,Africa,7414,193.0,4874.0,2347.0,,428,11.0,191341.0,11058.0,17303260,Sinopharm/Beijing,9151765.0,5147667.0,5020360.0,4042573.0,153584.0,51.64,29.04,28.33,22.81,8666.0,141671.0,0.799,Sinopharm/Beijing,52.890409090541326,3.874757631662843
Channel Islands,Europe,75275,173.0,74574.0,528.0,,425648,978.0,1252808.0,7084095.0,176848,,,,,,,,,,,,,,,,6.0085024999840355
Chile,South America,3605522,57722.0,3468131.0,79669.0,159.0,185643,2972.0,37693651.0,1940790.0,19421812,"CanSino, Moderna, Oxford/AstraZeneca, Pfizer/BioNTech, Sinovac",66864900.0,18088517.0,17700117.0,27474929.0,298755.0,341.08,92.27,90.29,140.15,15240.0,185093.0,0.944,"CanSino, Moderna, Oxford/AstraZeneca, Pfizer/BioNTech, Sinovac",344.2773516703797,9.565329715606483
China Hong Kong Sar,Asia,1208506,9361.0,,,5.0,158800,1230.0,44972952.0,5909516.0,7610260,,,,,,,,,,,,,,,,2.687184065657954
China Macao Sar,Asia,82,,82.0,0.0,,123,,5375.0,8073.0,665819,,,,,,,,,,,,,,,,1.525581395348837
China,Asia,221804,5209.0,210454.0,6141.0,383.0,154,4.0,160000000.0,111163.0,1439323776,"CanSino, IMBCAMS, KCONVAC, Sinopharm/Beijing, Sinopharm/Wuhan, Sinovac, ZF2001",3491077000.0,1310292000.0,1276760000.0,826913000.0,22424286.0,244.84,91.89,89.54,57.99,15727.0,5850649.0,0.41,"CanSino, IMBCAMS, KCONVAC, Sinopharm/Beijing, Sinopharm/Wuhan, Sinovac, ZF2001",242.54980416581407,0.1386275
Colombia,South America,6095316,139821.0,5928829.0,26666.0,342.0,117459,2694.0,34675581.0,668214.0,51892950,"Johnson&Johnson, Moderna, Oxford/AstraZeneca, Pfizer/BioNTech, Sinovac",90931192.0,43012174.0,37204128.0,14944212.0,414465.0,175.29,82.92,71.72,28.81,7990.0,303302.0,0.585,"Johnson&Johnson, Moderna, Oxford/AstraZeneca, Pfizer/BioNTech, Sinovac",175.22841156650372,17.57812219498211
Comoros,Africa,8100,160.0,7933.0,7.0,,8959,177.0,,,904091,"Covaxin, Oxford/AstraZeneca, Sinopharm/Beijing",835021.0,438825.0,397080.0,0.0,7718.0,99.79,52.44,47.45,0.0,9223.0,5170.0,0.618,"Covaxin, Oxford/AstraZeneca, Sinopharm/Beijing",92.3602823167137,
Congo,Africa,24079,385.0,20178.0,3516.0,,4172,67.0,347815.0,60270.0,5770949,"Moderna, Oxford/AstraZeneca, Sinopharm/Beijing, Sputnik V",833210.0,695760.0,654119.0,0.0,7088.0,13.96,11.65,10.96,0.0,1187.0,6763.0,0.113,"Moderna, Oxford/AstraZeneca, Sinopharm/Beijing, Sputnik V",14.43800664327479,6.922933168494745
Cook Islands,Australia/Oceania,5410,1.0,5291.0,118.0,,307491,57.0,17469.0,992895.0,17594,Pfizer/BioNTech,40854.0,15112.0,14728.0,10240.0,1433.0,239.87,88.73,86.47,60.12,84136.0,561.0,3.294,Pfizer/BioNTech,232.20416050926454,30.969145343179346
Costa Rica,North America,866164,8444.0,841683.0,16037.0,48.0,167189,1630.0,4401922.0,849668.0,5180753,"Moderna, Oxford/AstraZeneca, Pfizer/BioNTech",13576935.0,4650636.0,4369784.0,2986527.0,87355.0,262.06,89.77,84.35,57.65,16861.0,84391.0,1.629,"Moderna, Oxford/AstraZeneca, Pfizer/BioNTech",262.0648967437745,19.676950204933206
Cote D Ivoire,Africa,81989,799.0,81168.0,22.0,,2971,29.0,1509861.0,54716.0,27594347,"Johnson&Johnson, Oxford/AstraZeneca, Pfizer/BioNTech, Sinopharm/Beijing, Sputnik V",25263932.0,13568372.0,12164304.0,3138712.0,121105.0,89.71,48.18,43.2,11.15,4301.0,86551.0,0.307,"Johnson&Johnson, Oxford/AstraZeneca, Pfizer/BioNTech, Sinopharm/Beijing, Sputnik V",91.55473764245988,5.430234968649432
Croatia,Europe,1131450,15930.0,1111405.0,4115.0,15.0,278811,3925.0,4838151.0,1192212.0,4058130,"Johnson&Johnson, Moderna, Novavax, Oxford/AstraZeneca, Pfizer/BioNTech",5374628.0,2323025.0,2251809.0,594785.0,35538.0,133.35,57.64,55.87,14.76,8818.0,26979.0,0.669,"Johnson&Johnson, Moderna, Novavax, Oxford/AstraZeneca, Pfizer/BioNTech",132.44100115077634,23.38600014757704
Cuba,North America,1104589,8529.0,1095534.0,526.0,23.0,97633,754.0,12920253.0,1141997.0,11313741,"Abdala, Soberana Plus, Soberana02",45995747.0,10805570.0,10053658.0,8792717.0,321878.0,410.23,96.37,89.67,78.42,28708.0,199370.0,1.778,"Abdala, Soberana Plus, Soberana02",406.54763972411956,8.549283051965004
Curacao,North America,43017,275.0,42203.0,539.0,3.0,260168,1663.0,496693.0,3004016.0,165343,"Moderna, Oxford/AstraZeneca, Pfizer/BioNTech",260324.0,108601.0,100885.0,49213.0,3452.0,136.17,56.81,52.77,25.74,18057.0,3039.0,1.59,"Moderna, Oxford/AstraZeneca, Pfizer/BioNTech",157.44482681456125,8.660681749088472
Cyprus,Asia,477711,1032.0,124370.0,352309.0,60.0,390374,843.0,9477138.0,7744481.0,1223728,"Johnson&Johnson, Moderna, Novavax, Oxford/AstraZeneca, Pfizer/BioNTech",1798610.0,671193.0,646142.0,481275.0,12513.0,225.04,78.8,81.78,53.71,15701.0,8571.0,0.957,"Oxford/AstraZeneca, Pfizer/BioNTech, Sinovac",146.97792319861932,5.040667340709822
Cyprus,Asia,477711,1032.0,124370.0,352309.0,60.0,390374,843.0,9477138.0,7744481.0,1223728,"Oxford/AstraZeneca, Pfizer/BioNTech, Sinovac",1798610.0,671193.0,646142.0,481275.0,12513.0,225.04,78.8,81.78,53.71,15701.0,8571.0,0.957,"Oxford/AstraZeneca, Pfizer/BioNTech, Sinovac",146.97792319861932,5.040667340709822
Czech Republic,Europe,3915847,40245.0,3871654.0,3948.0,14.0,364401,3745.0,55323981.0,5148342.0,10745981,"Johnson&Johnson, Moderna, Novavax, Oxford/AstraZeneca, Pfizer/BioNTech, Sinovac",19047108.0,6982006.0,6895763.0,5581388.0,98393.0,181.5,66.53,65.71,53.19,9376.0,64329.0,0.613,"Johnson&Johnson, Moderna, Novavax, Oxford/AstraZeneca, Pfizer/BioNTech, Sinovac",177.2486662688125,7.0780282423999825
Democratic Republic Of The Congo,Africa,87023,1337.0,50930.0,34756.0,,920,14.0,846704.0,8948.0,94629737,Oxford/AstraZeneca,18808671.0,17045721.0,14399520.0,0.0,99124.0,19.0,17.22,14.54,0.0,1001.0,101350.0,0.102,Oxford/AstraZeneca,19.87606813279001,10.277853889907217
Denmark,Europe,2976667,6287.0,2960386.0,9994.0,12.0,510561,1078.0,127345763.0,21842472.0,5830190,"Johnson&Johnson, Moderna, Oxford/AstraZeneca, Pfizer/BioNTech",14961517.0,4746522.0,4712002.0,3617006.0,124721.0,254.35,80.69,80.11,61.49,21203.0,47326.0,0.805,"Johnson&Johnson, Moderna, Oxford/AstraZeneca, Pfizer/BioNTech",256.621430862459,2.337468424450054
Djibouti,Africa,15631,189.0,15427.0,15.0,,15404,186.0,305941.0,301492.0,1014756,"CanSino, Covaxin, Johnson&Johnson, Moderna, Oxford/AstraZeneca, Pfizer/BioNTech, Sinopharm/Beijing, Sinovac, Sputnik Light, Sputnik V",442199.0,421573.0,401208.0,0.0,2149.0,39.45,37.61,35.79,0.0,1917.0,1954.0,0.174,"CanSino, Covaxin, Johnson&Johnson, Moderna, Oxford/AstraZeneca, Pfizer/BioNTech, Sinopharm/Beijing, Sinovac, Sputnik Light, Sputnik V",43.57687956513684,5.109155033159989
Dominica,North America,12685,63.0,12323.0,299.0,,175403,871.0,194894.0,2694921.0,72319,"Moderna, Oxford/AstraZeneca, Pfizer/BioNTech, Sinopharm/Beijing",67647.0,32995.0,30659.0,3993.0,901.0,92.98,45.35,42.14,5.49,12384.0,832.0,1.144,"Moderna, Oxford/AstraZeneca, Pfizer/BioNTech, Sinopharm/Beijing",93.5397336799458,6.508666249345799
Dominican Republic,North America,580412,4376.0,575583.0,453.0,1.0,52524,396.0,3305829.0,299156.0,11050510,"Oxford/AstraZeneca, Pfizer/BioNTech, Sinopharm/Beijing, Sinovac",16430339.0,7367193.0,6130377.0,2574938.0,184208.0,146.32,65.61,54.6,22.93,16405.0,112637.0,1.003,"Oxford/AstraZeneca, Pfizer/BioNTech, Sinopharm/Beijing, Sinovac",148.6839883408096,17.5572299716652
Ecuador,South America,872268,35607.0,,,759.0,48080,1963.0,2470170.0,136158.0,18141962,"CanSino, Oxford/AstraZeneca, Pfizer/BioNTech, Sinovac",39564195.0,15333873.0,14240587.0,10554926.0,354692.0,219.79,85.18,79.11,58.64,19704.0,330279.0,1.835,"CanSino, Oxford/AstraZeneca, Pfizer/BioNTech, Sinovac",218.08112595539555,35.312063542185356
Egypt,Africa,515645,24613.0,442182.0,48850.0,122.0,4868,232.0,3693367.0,34867.0,105928386,"CanSino, Covaxin, Johnson&Johnson, Moderna, Oxford/AstraZeneca, Pfizer/BioNTech, Sinopharm/Beijing, Sinovac, Sputnik Light, Sputnik V",112673535.0,56907319.0,42337175.0,15217352.0,615408.0,101.52,51.27,38.15,13.71,5545.0,342648.0,0.309,"CanSino, Covaxin, Johnson&Johnson, Moderna, Oxford/AstraZeneca, Pfizer/BioNTech, Sinopharm/Beijing, Sinovac, Sputnik Light, Sputnik V",106.36765012165861,13.961379954930015
El Salvador,North America,162089,4129.0,150662.0,7298.0,8.0,24757,631.0,1950448.0,297908.0,6547158,"Oxford/AstraZeneca, Pfizer/BioNTech, Sinopharm/Beijing, Sinovac",11289175.0,4652597.0,4344286.0,2292292.0,72435.0,178.16,73.43,68.56,36.18,11432.0,44776.0,0.707,"Oxford/AstraZeneca, Pfizer/BioNTech, Sinopharm/Beijing, Sinovac",172.42863239286422,8.310347161267567
Equatorial Guinea,Africa,15910,183.0,15701.0,26.0,5.0,10687,123.0,317211.0,213068.0,1488778,"Sinopharm/Beijing, Sinovac",488738.0,270109.0,214032.0,4597.0,5013.0,29.18,16.13,12.78,0.27,2993.0,3393.0,0.203,"Sinopharm/Beijing, Sinovac",32.828131528004846,5.015588992815507
Eritrea,Africa,9745,103.0,9632.0,10.0,,2679,28.0,23693.0,6513.0,3637828,,,,,,,,,,,,,,,,41.13029164732199
Estonia,Europe,573922,2556.0,514836.0,56530.0,3.0,432106,1924.0,3345340.0,2518710.0,1328196,"Johnson&Johnson, Moderna, Novavax, Oxford/AstraZeneca, Pfizer/BioNTech",2171623.0,870213.0,862748.0,659459.0,10161.0,163.76,65.62,65.06,49.73,7663.0,6125.0,0.462,"Johnson&Johnson, Moderna, Novavax, Oxford/AstraZeneca, Pfizer/BioNTech",163.50169703869005,17.155864575797974
Ethiopia,Africa,470937,7510.0,455757.0,7670.0,8.0,3916,62.0,4836364.0,40214.0,120265111,"Covaxin, Johnson&Johnson, Oxford/AstraZeneca, Sinopharm/Beijing, Sinovac",68856793.0,52489512.0,43653006.0,5978070.0,2808915.0,55.81,42.54,35.38,4.85,22766.0,1101109.0,0.892,"Covaxin, Johnson&Johnson, Oxford/AstraZeneca, Sinopharm/Beijing, Sinovac",57.254171577657296,9.737418440795606
Faeroe Islands,Europe,34658,28.0,7693.0,26937.0,5.0,704302,569.0,778000.0,15810116.0,49209,"Moderna, Pfizer/BioNTech",103894.0,41715.0,40895.0,21284.0,1001.0,195.59,78.53,76.99,40.07,18845.0,688.0,1.295,"Moderna, Pfizer/BioNTech",211.1280456827003,4.454755784061697
Falkland Islands Malvinas,South America,1126,,,,,306896,,8632.0,2352685.0,3669,Oxford/AstraZeneca,4407.0,2632.0,1775.0,0.0,189.0,115.94,69.24,46.7,0.0,49724.0,189.0,4.972,Oxford/AstraZeneca,120.11447260834014,13.044485634847081
Fiji,Australia/Oceania,64773,862.0,62875.0,1036.0,,71293,949.0,517703.0,569817.0,908543,"Moderna, Oxford/AstraZeneca, Pfizer/BioNTech",1555182.0,712025.0,641194.0,172046.0,17149.0,167.27,76.58,68.96,18.5,18444.0,11798.0,1.269,"Moderna, Oxford/AstraZeneca, Pfizer/BioNTech",171.17318607924997,12.511613801735743
Finland,Europe,1069740,4284.0,,,21.0,192512,771.0,10832080.0,1949355.0,5556750,"Moderna, Oxford/AstraZeneca, Pfizer/BioNTech",13327120.0,4524288.0,4347113.0,4455719.0,72110.0,240.53,81.65,78.46,80.42,13014.0,32289.0,0.583,"Moderna, Oxford/AstraZeneca, Pfizer/BioNTech",239.8365951320466,9.875665615468128
France,Europe,29160802,147257.0,28156674.0,856871.0,1329.0,444914,2247.0,271490188.0,4142201.0,65542502,"Johnson&Johnson, Moderna, Novavax, Oxford/AstraZeneca, Pfizer/BioNTech, Sanofi/GSK",154493266.0,54677678.0,53192478.0,47705542.0,734590.0,227.82,80.63,78.44,70.35,10833.0,411291.0,0.607,"Johnson&Johnson, Moderna, Novavax, Oxford/AstraZeneca, Pfizer/BioNTech, Sanofi/GSK",235.71462987482533,10.741015067550066
French Guiana,South America,81784,397.0,11254.0,70133.0,1.0,261212,1268.0,631628.0,2017375.0,313094,,,,,,,,,,,,,,,,12.948127695415657
French Polynesia,Australia/Oceania,72821,649.0,,,7.0,256473,2286.0,,,283932,"Johnson&Johnson, Pfizer/BioNTech",502952.0,190908.0,186803.0,112237.0,12050.0,164.21,62.33,60.99,36.64,39342.0,1736.0,0.567,"Johnson&Johnson, Pfizer/BioNTech",177.1381880168491,
Gabon,Africa,47608,304.0,47297.0,7.0,,20490,131.0,1594523.0,686256.0,2323511,"Pfizer/BioNTech, Sinopharm/Beijing, Sputnik V",572672.0,311244.0,257471.0,2592.0,7131.0,23.97,13.03,10.78,0.11,2985.0,3682.0,0.154,"Pfizer/BioNTech, Sinopharm/Beijing, Sputnik V",24.646838340769637,2.9857204944676243
Gambia,Africa,11999,365.0,11591.0,43.0,,4718,144.0,155686.0,61220.0,2543054,"Johnson&Johnson, Oxford/AstraZeneca, Sinopharm/Beijing",1444492.0,674314.0,539186.0,53741.0,8164.0,53.38,24.92,19.93,1.99,3017.0,10103.0,0.373,"Johnson&Johnson, Oxford/AstraZeneca, Sinopharm/Beijing",56.80146784142216,7.707179836337243
Georgia,Asia,1655221,16811.0,1637293.0,1117.0,,416417,4229.0,16920079.0,4256722.0,3974908,"Oxford/AstraZeneca, Pfizer/BioNTech, Sinopharm/Beijing, Sinovac",2930677.0,1654504.0,1276173.0,80818.0,29680.0,78.27,44.19,34.08,2.16,7927.0,18253.0,0.487,"Oxford/AstraZeneca, Pfizer/BioNTech, Sinopharm/Beijing, Sinovac",73.72942971258706,9.782584348453693
Germany,Europe,25780226,137919.0,23956700.0,1685607.0,1279.0,305877,1636.0,122332384.0,1451450.0,84282880,"Johnson&Johnson, Moderna, Novavax, Oxford/AstraZeneca, Pfizer/BioNTech, Valneva",192221468.0,64876299.0,63563414.0,64791434.0,1148328.0,230.56,77.82,76.24,77.72,13774.0,602767.0,0.723,"Johnson&Johnson, Moderna, Novavax, Oxford/AstraZeneca, Pfizer/BioNTech, Valneva",228.06703805090666,21.073917761628845
Ghana,Africa,161280,1445.0,159788.0,47.0,1.0,4996,45.0,2442206.0,75655.0,32280617,"Oxford/AstraZeneca, Sputnik V",25624828.0,13864186.0,10780003.0,4806017.0,442283.0,76.55,41.42,32.2,14.36,13212.0,390369.0,1.166,"Oxford/AstraZeneca, Sputnik V",79.38146907167233,6.603865521581717
Gibraltar,Europe,18129,102.0,16579.0,1448.0,,538400,3029.0,534283.0,15867278.0,33672,"Oxford/AstraZeneca, Pfizer/BioNTech",132810.0,42175.0,41465.0,49170.0,1068.0,406.43,129.07,126.89,150.47,32684.0,1040.0,3.183,"Oxford/AstraZeneca, Pfizer/BioNTech",394.4226657163222,3.393145580151343
Greece,Europe,3392575,29547.0,3306014.0,57014.0,176.0,328475,2861.0,81233888.0,7865209.0,10328255,"Johnson&Johnson, Moderna, Novavax, Oxford/AstraZeneca, Pfizer/BioNTech",22467978.0,7938031.0,7647076.0,7461944.0,109105.0,216.35,76.44,73.64,71.85,10506.0,64636.0,0.622,"Johnson&Johnson, Moderna, Novavax, Oxford/AstraZeneca, Pfizer/BioNTech",217.5389550316099,4.176305090801514
Greenland,North America,11971,21.0,2761.0,9189.0,4.0,210191,369.0,164926.0,2895826.0,56953,Moderna,79738.0,41227.0,38511.0,0.0,1128.0,141.14,72.98,68.17,0.0,19967.0,725.0,1.283,Moderna,140.00667216827912,7.258406800625735
Grenada,North America,16344,221.0,14634.0,1489.0,4.0,144008,1947.0,157363.0,1386531.0,113494,"Johnson&Johnson, Moderna, Oxford/AstraZeneca, Pfizer/BioNTech",90686.0,44241.0,39034.0,7411.0,579.0,72.28,35.26,31.11,5.91,4615.0,451.0,0.359,"Johnson&Johnson, Moderna, Oxford/AstraZeneca, Pfizer/BioNTech",79.90378345991859,10.386177182692247
Guadeloupe,North America,140130,854.0,2250.0,137026.0,19.0,350105,2134.0,938039.0,2343627.0,400251,,,,,,,,,,,,,,,,14.938611294413132
Guatemala,North America,851877,17792.0,831794.0,2291.0,5.0,45966,960.0,4543522.0,245163.0,18532670,"Moderna, Oxford/AstraZeneca, Pfizer/BioNTech, Sputnik V",20362104.0,8933623.0,7126305.0,4302176.0,96711.0,114.11,50.07,39.94,24.11,5420.0,70569.0,0.395,"Moderna, Oxford/AstraZeneca, Pfizer/BioNTech, Sputnik V",109.87140007349183,18.74926543769349
Guinea Bissau,Africa,8222,171.0,8010.0,41.0,6.0,4002,83.0,136655.0,66512.0,2054599,"Oxford/AstraZeneca, Sinopharm/Beijing",920752.0,747057.0,547637.0,76359.0,17553.0,43.73,35.48,26.01,3.63,8336.0,16832.0,0.799,"Oxford/AstraZeneca, Sinopharm/Beijing",44.814194886690785,6.016611174124621
Guinea,Africa,36597,442.0,36113.0,42.0,8.0,2653,32.0,660107.0,47848.0,13795931,"Johnson&Johnson, Oxford/AstraZeneca, Pfizer/BioNTech, Sinopharm/Beijing, Sinovac, Sputnik V",12049511.0,8715641.0,5853990.0,425378.0,172447.0,86.94,62.89,42.24,3.07,12443.0,130140.0,0.939,"Johnson&Johnson, Oxford/AstraZeneca, Pfizer/BioNTech, Sinopharm/Beijing, Sinovac, Sputnik V",87.34105005309173,5.544101183595992
Guyana,South America,63804,1228.0,62301.0,275.0,,80396,1547.0,610906.0,769770.0,793621,"Johnson&Johnson, Moderna, Oxford/AstraZeneca, Pfizer/BioNTech, Sinopharm/Beijing, Sputnik V",960133.0,495285.0,381984.0,82864.0,9303.0,118.72,61.24,47.23,10.25,11503.0,5129.0,0.634,"Johnson&Johnson, Moderna, Oxford/AstraZeneca, Pfizer/BioNTech, Sinopharm/Beijing, Sputnik V",120.9812996379884,10.44415998533326
Haiti,North America,30713,835.0,29605.0,273.0,,2634,72.0,132422.0,11356.0,11661401,"Johnson&Johnson, Moderna",680104.0,521396.0,366339.0,0.0,7598.0,5.87,4.5,3.16,0.0,656.0,7434.0,0.064,"Johnson&Johnson, Moderna",5.832095131622693,23.193276041745328
Holy See,Europe,29,,29.0,0.0,,36025,,,,805,,,,,,,,,,,,,,,,
Honduras,North America,424390,10896.0,132358.0,281136.0,105.0,41615,1068.0,1365056.0,133856.0,10197959,"Johnson&Johnson, Moderna, Oxford/AstraZeneca, Pfizer/BioNTech, Sputnik V",17074861.0,6596213.0,5853689.0,4872295.0,174517.0,163.66,63.23,56.11,46.7,16728.0,95569.0,0.916,"Johnson&Johnson, Moderna, Oxford/AstraZeneca, Pfizer/BioNTech, Sputnik V",167.43410127457855,31.08956702142623
Hungary,Europe,1909948,46343.0,1821435.0,42170.0,29.0,198649,4820.0,11394556.0,1185122.0,9614673,"Johnson&Johnson, Moderna, Oxford/AstraZeneca, Pfizer/BioNTech, Sinopharm/Beijing, Sputnik V",16701238.0,6420813.0,6207249.0,4316982.0,125911.0,167.56,64.42,62.28,43.31,12632.0,77448.0,0.777,"Johnson&Johnson, Moderna, Oxford/AstraZeneca, Pfizer/BioNTech, Sinopharm/Beijing, Sputnik V",173.70573081372606,16.76193438340204
Iceland,Europe,186545,120.0,,,,540134,347.0,2264004.0,6555338.0,345368,"Johnson&Johnson, Moderna, Oxford/AstraZeneca, Pfizer/BioNTech",805469.0,309770.0,290193.0,250542.0,7546.0,216.0,83.07,77.82,67.19,20236.0,4811.0,1.29,"Johnson&Johnson, Moderna, Oxford/AstraZeneca, Pfizer/BioNTech",233.22050682170902,8.239605583735718
India,Asia,43121599,524214.0,42579693.0,17692.0,698.0,30686,373.0,843836914.0,600479.0,1405273033,"Corbevax, Covaxin, Novavax, Oxford/AstraZeneca, Sputnik V",2206868000.0,1027438924.0,951990552.0,227438524.0,10037995.0,155.72,72.5,67.18,16.05,7083.0,6785334.0,0.479,"Corbevax, Covaxin, Novavax, Oxford/AstraZeneca, Sputnik V",157.04193762892766,5.110181633983365
Indonesia,Asia,6050776,156458.0,5889534.0,4784.0,2771.0,21694,561.0,97245391.0,348662.0,278910317,"Johnson&Johnson, Moderna, Novavax, Oxford/AstraZeneca, Pfizer/BioNTech, Sinopharm/Beijing, Sinovac",448199860.0,204419394.0,174965137.0,69356250.0,2125551.0,162.69,74.2,63.51,25.17,7715.0,1322730.0,0.48,"Johnson&Johnson, Moderna, Novavax, Oxford/AstraZeneca, Pfizer/BioNTech, Sinopharm/Beijing, Sinovac",160.69676619384433,6.222172524351309
Iran,Asia,7228051,141224.0,7020835.0,65992.0,737.0,84052,1642.0,51771715.0,602031.0,85995095,"COVIran Barekat, CanSino, Covaxin, Johnson&Johnson, Moderna, Oxford/AstraZeneca, Pfizer/BioNTech, Sinopharm/Beijing, Sinovac, Soberana02, Sputnik Light, Sputnik V",155461757.0,65199831.0,58585264.0,31352288.0,1225502.0,175.56,73.63,66.16,35.41,13840.0,968166.0,1.093,"COVIran Barekat, CanSino, Covaxin, Johnson&Johnson, Moderna, Oxford/AstraZeneca, Pfizer/BioNTech, Sinopharm/Beijing, Sinovac, Soberana02, Sputnik Light, Sputnik V",180.77979563834424,13.961389921118124
Iraq,Asia,2326458,25216.0,2299985.0,1257.0,10.0,55520,602.0,18529376.0,442197.0,41902979,"CanSino, Covaxin, Johnson&Johnson, Moderna, Oxford/AstraZeneca, Pfizer/BioNTech, Sinopharm/Beijing, Sinovac, Sputnik Light, Sputnik V",19557364.0,11332925.0,7944775.0,275280.0,435337.0,43.95,25.47,17.85,0.62,9784.0,101833.0,0.229,"CanSino, Covaxin, Johnson&Johnson, Moderna, Oxford/AstraZeneca, Pfizer/BioNTech, Sinopharm/Beijing, Sinovac, Sputnik Light, Sputnik V",46.67296804840534,12.555511853178434
Ireland,Europe,1535451,7203.0,1499879.0,28369.0,28.0,304622,1429.0,12144747.0,2409429.0,5040509,"Johnson&Johnson, Moderna, Novavax, Oxford/AstraZeneca, Pfizer/BioNTech",11148281.0,4112237.0,4065584.0,3211763.0,91840.0,242.65,81.87,80.94,117.86,18284.0,30945.0,0.74,"Moderna, Oxford/AstraZeneca, Pfizer/BioNTech",221.173714797454,12.642922903210746
Ireland,Europe,1535451,7203.0,1499879.0,28369.0,28.0,304622,1429.0,12144747.0,2409429.0,5040509,"Moderna, Oxford/AstraZeneca, Pfizer/BioNTech",11148281.0,4112237.0,4065584.0,3211763.0,91840.0,242.65,81.87,80.94,117.86,18284.0,30945.0,0.74,"Moderna, Oxford/AstraZeneca, Pfizer/BioNTech",221.173714797454,12.642922903210746
Isle Of Man,Europe,28416,105.0,26794.0,1517.0,,330915,1223.0,150753.0,1755575.0,85871,"Moderna, Oxford/AstraZeneca, Pfizer/BioNTech",189994.0,69560.0,67106.0,53328.0,6039.0,224.75,82.29,79.38,63.08,71439.0,1143.0,1.352,"Moderna, Oxford/AstraZeneca, Pfizer/BioNTech",221.25513852173611,18.84937613181827
Israel,Asia,4106793,10749.0,4081150.0,14894.0,150.0,440360,1153.0,41373364.0,4436346.0,9326000,"Moderna, Pfizer/BioNTech",18649248.0,6723119.0,6159825.0,5766304.0,185557.0,197.37,71.15,65.19,61.03,19638.0,130473.0,1.381,"Moderna, Pfizer/BioNTech",199.97049110015013,9.926176174603544
Italy,Europe,17057873,165244.0,15894511.0,998118.0,347.0,282901,2741.0,217853667.0,3613054.0,60296265,"Johnson&Johnson, Moderna, Novavax, Oxford/AstraZeneca, Pfizer/BioNTech, Sanofi/GSK",144608839.0,50936719.0,47947097.0,47765365.0,665295.0,244.94,86.28,81.21,80.91,11269.0,477692.0,0.809,"Johnson&Johnson, Moderna, Novavax, Oxford/AstraZeneca, Pfizer/BioNTech, Sanofi/GSK",239.83050857296053,7.829968269480633
Jamaica,North America,131980,2995.0,84883.0,44102.0,,44211,1003.0,1031235.0,345445.0,2985238,"Johnson&Johnson, Moderna, Oxford/AstraZeneca, Pfizer/BioNTech",1528445.0,859773.0,760132.0,46065.0,13772.0,54.06,30.41,26.88,1.63,4871.0,13076.0,0.462,"Johnson&Johnson, Moderna, Oxford/AstraZeneca, Pfizer/BioNTech",51.200105318235934,12.798246762377149
Japan,Asia,8338211,30039.0,7951587.0,356585.0,139.0,66305,239.0,50444181.0,401129.0,125755488,"Moderna, Novavax, Oxford/AstraZeneca, Pfizer/BioNTech",383747738.0,104705133.0,103380343.0,175662262.0,1692319.0,309.59,84.47,83.4,141.72,13653.0,1018659.0,0.822,"Moderna, Novavax, Oxford/AstraZeneca, Pfizer/BioNTech",305.15386970626685,16.52957949698896
Jordan,Asia,1694216,14048.0,1678941.0,1227.0,124.0,163034,1352.0,16670254.0,1604177.0,10391780,"CanSino, Covaxin, Johnson&Johnson, Moderna, Oxford/AstraZeneca, Pfizer/BioNTech, Sinopharm/Beijing, Sinovac, Sputnik Light, Sputnik V",10057975.0,4821579.0,4558313.0,682211.0,87729.0,89.12,42.72,40.39,6.04,7773.0,47311.0,0.419,"CanSino, Covaxin, Johnson&Johnson, Moderna, Oxford/AstraZeneca, Pfizer/BioNTech, Sinopharm/Beijing, Sinovac, Sputnik Light, Sputnik V",96.787797663153,10.163108492528067
Kazakhstan,Asia,1305636,13661.0,1291669.0,306.0,24.0,68020,712.0,11575012.0,603023.0,19194987,"Pfizer/BioNTech, QazVac, Sinopharm/Beijing, Sinovac, Sputnik V",38355605.0,10858101.0,10629063.0,2514071.0,351158.0,197.73,55.98,54.79,12.96,18103.0,177343.0,0.914,"Pfizer/BioNTech, QazVac, Sinopharm/Beijing, Sinovac, Sputnik V",199.8209480423196,11.279780962646086
Kenya,Africa,324026,5649.0,318142.0,235.0,,5789,101.0,3630986.0,64866.0,55976553,"Johnson&Johnson, Moderna, Oxford/AstraZeneca, Pfizer/BioNTech, Sinopharm/Beijing",23750431.0,14494372.0,11090440.0,2000636.0,245551.0,43.96,26.83,20.53,3.7,4545.0,128174.0,0.237,"Johnson&Johnson, Moderna, Oxford/AstraZeneca, Pfizer/BioNTech, Sinopharm/Beijing",42.42924890355432,8.923912127449679
Kiribati,Australia/Oceania,3093,13.0,2602.0,478.0,3.0,25175,106.0,,,122862,Oxford/AstraZeneca,219980.0,100900.0,81474.0,37606.0,1494.0,167.62,76.88,62.08,28.66,11384.0,1494.0,1.138,Oxford/AstraZeneca,179.0464097931012,
Kuwait,Asia,632074,2555.0,629114.0,405.0,3.0,144040,582.0,8071763.0,1839430.0,4388186,"CanSino, Covaxin, Johnson&Johnson, Moderna, Oxford/AstraZeneca, Pfizer/BioNTech, Sinopharm/Beijing, Sinovac, Sputnik Light, Sputnik V",8261221.0,3457498.0,3346176.0,1457547.0,40778.0,193.52,80.99,78.39,34.14,9552.0,12714.0,0.298,"CanSino, Covaxin, Johnson&Johnson, Moderna, Oxford/AstraZeneca, Pfizer/BioNTech, Sinopharm/Beijing, Sinovac, Sputnik Light, Sputnik V",188.26050217561425,7.830680856214435
Kyrgyzstan,Asia,200993,2991.0,196406.0,1596.0,131.0,29889,445.0,1907195.0,283613.0,6724638,"Sinopharm/Beijing, Sputnik V",3661335.0,1736541.0,1406016.0,0.0,22900.0,55.22,26.19,21.2,0.0,3454.0,15714.0,0.237,"Sinopharm/Beijing, Sputnik V",54.446573927102094,10.538670665558582
Laos,Asia,209386,754.0,,,,28022,101.0,1232128.0,164896.0,7472169,"Johnson&Johnson, Oxford/AstraZeneca, Pfizer/BioNTech, Sinopharm/Beijing, Sinovac, Sputnik Light, Sputnik V",11111066.0,5888649.0,5222417.0,0.0,146235.0,147.57,78.21,69.36,0.0,19422.0,63954.0,0.849,"Johnson&Johnson, Oxford/AstraZeneca, Pfizer/BioNTech, Sinopharm/Beijing, Sinovac, Sputnik Light, Sputnik V",148.69934017819992,16.99385128817785
Latvia,Europe,825699,5798.0,816253.0,3648.0,6.0,446957,3139.0,7217715.0,3907005.0,1847378,"Johnson&Johnson, Moderna, Novavax, Oxford/AstraZeneca, Pfizer/BioNTech",2895716.0,1346184.0,1305976.0,529562.0,17033.0,156.47,72.74,70.57,28.61,9204.0,11089.0,0.599,"Johnson&Johnson, Moderna, Novavax, Oxford/AstraZeneca, Pfizer/BioNTech",156.7473467801392,11.439894758936866
Lebanon,Asia,1097956,10407.0,1084853.0,2696.0,186.0,162215,1538.0,4795578.0,708511.0,6768532,"CanSino, Covaxin, Johnson&Johnson, Moderna, Oxford/AstraZeneca, Pfizer/BioNTech, Sinopharm/Beijing, Sinovac, Sputnik Light, Sputnik V",5814699.0,2740227.0,2414223.0,660249.0,56153.0,105.92,49.92,43.98,12.03,10229.0,22027.0,0.401,"CanSino, Covaxin, Johnson&Johnson, Moderna, Oxford/AstraZeneca, Pfizer/BioNTech, Sinopharm/Beijing, Sinovac, Sputnik Light, Sputnik V",85.90783053105163,22.8951755137754
Lesotho,Africa,32910,697.0,24155.0,8058.0,,15139,321.0,431221.0,198365.0,2173878,"Johnson&Johnson, Oxford/AstraZeneca, Sinopharm/Beijing",1339097.0,1014073.0,938088.0,177816.0,17261.0,58.07,43.98,40.68,7.71,7486.0,8891.0,0.386,"Johnson&Johnson, Oxford/AstraZeneca, Sinopharm/Beijing",61.59945498321433,7.631817559905478
Liberia,Africa,7451,294.0,5747.0,1410.0,2.0,1411,56.0,139824.0,26487.0,5278999,Oxford/AstraZeneca,4460668.0,3903802.0,3730967.0,1987.0,89696.0,84.12,73.62,70.36,0.04,16915.0,101042.0,1.905,Oxford/AstraZeneca,84.4983679671089,5.328841972765763
Libya,Africa,501904,6430.0,490973.0,4501.0,101.0,71240,913.0,2477219.0,351613.0,7045301,"CanSino, Covaxin, Johnson&Johnson, Moderna, Oxford/AstraZeneca, Pfizer/BioNTech, Sinopharm/Beijing, Sinovac, Sputnik Light, Sputnik V",3739158.0,2316327.0,1236102.0,186729.0,23862.0,54.89,34.0,18.15,2.74,3503.0,19296.0,0.283,"CanSino, Covaxin, Johnson&Johnson, Moderna, Oxford/AstraZeneca, Pfizer/BioNTech, Sinopharm/Beijing, Sinovac, Sputnik Light, Sputnik V",53.07307665066404,20.260784371506922
Liechtenstein,Europe,17347,84.0,17192.0,71.0,1.0,452546,2191.0,102174.0,2665501.0,38332,"Johnson&Johnson, Moderna, Novavax, Pfizer/BioNTech",74337.0,26771.0,0.0,22087.0,726.0,188.89,68.02,0.0,56.12,18447.0,399.0,1.014,"Johnson&Johnson, Moderna, Novavax, Pfizer/BioNTech",193.9293540644892,16.977900444340047
Lithuania,Europe,1060619,9127.0,1032609.0,18883.0,11.0,399994,3442.0,9954903.0,3754317.0,2651588,"Johnson&Johnson, Moderna, Novavax, Oxford/AstraZeneca, Pfizer/BioNTech",4604865.0,1958300.0,1881106.0,948621.0,27613.0,167.45,71.21,68.4,34.49,10041.0,16203.0,0.589,"Johnson&Johnson, Moderna, Novavax, Oxford/AstraZeneca, Pfizer/BioNTech",173.66442297973893,10.654237414468026
Luxembourg,Europe,244182,1073.0,235939.0,7170.0,,378610,1664.0,4248188.0,6586920.0,644943,"Johnson&Johnson, Moderna, Novavax, Oxford/AstraZeneca, Pfizer/BioNTech",1374547.0,481957.0,462702.0,459119.0,7216.0,212.25,74.42,71.45,70.9,11143.0,5094.0,0.787,"Johnson&Johnson, Moderna, Novavax, Oxford/AstraZeneca, Pfizer/BioNTech",213.12689648542587,5.747909461633995
Macedonia,Europe,310684,9289.0,300761.0,634.0,,149137,4459.0,2034606.0,976666.0,2083215,"Moderna, Oxford/AstraZeneca, Pfizer/BioNTech, Sinopharm/Beijing, Sinopharm/Wuhan, Sinovac, Sputnik V",1862987.0,854570.0,838181.0,161633.0,15628.0,88.98,40.82,40.04,7.72,7465.0,11463.0,0.548,"Moderna, Oxford/AstraZeneca, Pfizer/BioNTech, Sinopharm/Beijing, Sinopharm/Wuhan, Sinovac, Sputnik V",89.42845553627447,15.269983475916222
Madagascar,Africa,64236,1393.0,59370.0,3473.0,14.0,2214,48.0,430995.0,14854.0,29016291,"Johnson&Johnson, Oxford/AstraZeneca, Sinopharm/Beijing",3092063.0,2710365.0,2628849.0,169187.0,12101.0,10.44,9.15,8.88,0.57,409.0,14553.0,0.049,"Johnson&Johnson, Oxford/AstraZeneca, Sinopharm/Beijing",10.656299938541421,14.904117217137088
Malawi,Africa,85887,2636.0,82703.0,548.0,67.0,4284,131.0,578807.0,28868.0,20050211,"Johnson&Johnson, Oxford/AstraZeneca",8503954.0,5433538.0,4288014.0,1232829.0,74568.0,41.68,26.63,21.01,6.04,3654.0,64387.0,0.316,"Johnson&Johnson, Oxford/AstraZeneca",42.41328931650645,14.838624964798283
Malaysia,Asia,4475873,35612.0,4409159.0,31102.0,47.0,135067,1075.0,59274648.0,1788706.0,33138284,"CanSino, Oxford/AstraZeneca, Pfizer/BioNTech, Sinopharm/Beijing, Sinovac",72657288.0,28138569.0,27551144.0,17185825.0,550642.0,214.09,82.91,81.18,50.64,16225.0,347102.0,1.023,"CanSino, Oxford/AstraZeneca, Pfizer/BioNTech, Sinopharm/Beijing, Sinovac",219.25482924824956,7.55107478664403
Maldives,Asia,179483,298.0,163687.0,15498.0,25.0,321497,534.0,2213831.0,3965506.0,558272,"Johnson&Johnson, Moderna, Oxford/AstraZeneca, Pfizer/BioNTech, Sinopharm/Beijing, Sinovac, Sputnik V",951764.0,399308.0,385167.0,167289.0,7843.0,181.7,76.23,73.53,31.94,14973.0,7843.0,1.497,"Johnson&Johnson, Moderna, Oxford/AstraZeneca, Pfizer/BioNTech, Sinopharm/Beijing, Sinovac, Sputnik V",170.48392181588903,8.107348754263537
Mali,Africa,31003,733.0,30088.0,182.0,,1453,34.0,675008.0,31636.0,21336613,Oxford/AstraZeneca,5922585.0,4354292.0,3633589.0,0.0,58966.0,26.21,19.27,16.08,0.0,2610.0,30919.0,0.137,Oxford/AstraZeneca,27.75784985180169,4.592982601687684
Malta,Europe,93508,713.0,90076.0,2719.0,4.0,210730,1607.0,1904970.0,4293055.0,443733,"Johnson&Johnson, Moderna, Oxford/AstraZeneca, Pfizer/BioNTech",1408793.0,478953.0,471565.0,492656.0,8191.0,264.17,89.81,88.43,92.38,15359.0,4398.0,0.825,"Johnson&Johnson, Moderna, Oxford/AstraZeneca, Pfizer/BioNTech",317.48664174176815,4.908633731764804
Marshall Islands,Australia/Oceania,17,,14.0,3.0,,284,,,,59934,,,,,,,,,,,,,,,,
Martinique,North America,153253,926.0,104.0,152223.0,8.0,408977,2471.0,828928.0,2212109.0,374723,,,,,,,,,,,,,,,,18.488095467881408
Mauritania,Africa,58840,982.0,57708.0,150.0,,12064,201.0,816126.0,167336.0,4877181,"Oxford/AstraZeneca, Sinopharm/Beijing",4075874.0,2103754.0,1540597.0,383937.0,71816.0,86.06,44.42,32.53,8.11,15163.0,37869.0,0.8,"Oxford/AstraZeneca, Sinopharm/Beijing",83.57028373562515,7.209671055694831
Mauritius,Africa,37843,996.0,36183.0,664.0,,29665,781.0,358675.0,281160.0,1275698,"Covaxin, Oxford/AstraZeneca, Sinopharm/Beijing",2616012.0,1123773.0,1088142.0,654507.0,20570.0,201.31,86.48,83.74,50.37,15829.0,19835.0,1.526,"Covaxin, Oxford/AstraZeneca, Sinopharm/Beijing",205.06514864803424,10.55077716595804
Mayotte,Africa,37363,187.0,2964.0,34212.0,,131066,656.0,176919.0,620616.0,285070,,,,,,,,,,,,,,,,21.118704039701786
Mexico,North America,5745652,324465.0,5044893.0,376294.0,4798.0,43708,2468.0,15855490.0,120615.0,131455607,"CanSino, Johnson&Johnson, Moderna, Oxford/AstraZeneca, Pfizer/BioNTech, Sinovac, Sputnik V",223158993.0,97179493.0,81849962.0,57026630.0,1648223.0,175.02,76.22,64.19,44.73,12927.0,762995.0,0.598,"CanSino, Johnson&Johnson, Moderna, Oxford/AstraZeneca, Pfizer/BioNTech, Sinovac, Sputnik V",169.75996543076326,36.23761864187105
Micronesia,Australia/Oceania,7,,1.0,6.0,,60,,,,117269,,,,,,,,,,,,,,,,
Moldova,Europe,516986,11489.0,504142.0,1355.0,49.0,128715,2860.0,3216305.0,800772.0,4016504,"Johnson&Johnson, Moderna, Oxford/AstraZeneca, Pfizer/BioNTech, Sinopharm/Beijing, Sinovac, Sputnik V",2293086.0,1109524.0,1078961.0,406022.0,16176.0,70.06,33.9,32.97,12.41,4942.0,11739.0,0.359,"Johnson&Johnson, Moderna, Oxford/AstraZeneca, Pfizer/BioNTech, Sinopharm/Beijing, Sinovac, Sputnik V",57.09159009925049,16.07391090086295
Monaco,Europe,12004,54.0,11866.0,84.0,4.0,301911,1358.0,54960.0,1382294.0,39760,Pfizer/BioNTech,65140.0,28875.0,25667.0,10598.0,313.0,178.51,79.13,70.34,29.04,8577.0,219.0,0.6,Pfizer/BioNTech,163.83299798792757,21.841339155749637
Mongolia,Asia,469885,2179.0,313256.0,154450.0,192.0,139159,645.0,4030048.0,1193522.0,3376601,"Oxford/AstraZeneca, Pfizer/BioNTech, Sinopharm/Beijing, Sputnik V",5492919.0,2272965.0,2175617.0,1044337.0,125462.0,161.63,66.88,64.02,30.73,36918.0,92781.0,2.73,"Oxford/AstraZeneca, Pfizer/BioNTech, Sinopharm/Beijing, Sputnik V",162.6759868874054,11.65953854643915
Montenegro,Europe,236277,2719.0,232955.0,603.0,6.0,376109,4328.0,2465201.0,3924142.0,628214,"Oxford/AstraZeneca, Pfizer/BioNTech, Sinopharm/Beijing, Sputnik V",679171.0,292783.0,284869.0,101519.0,11277.0,108.31,46.69,45.43,16.19,17983.0,6875.0,1.096,"Oxford/AstraZeneca, Pfizer/BioNTech, Sinopharm/Beijing, Sputnik V",108.11140789603542,9.584492299005234
Montserrat,North America,747,2.0,390.0,355.0,,149460,400.0,11238.0,2248499.0,4998,Oxford/AstraZeneca,4619.0,2104.0,1952.0,563.0,53.0,104.67,47.68,44.23,12.76,12010.0,43.0,0.974,Oxford/AstraZeneca,92.41696678671468,6.647090229578216
Morocco,Africa,1165795,16071.0,1149054.0,670.0,293.0,30902,426.0,11237010.0,297864.0,37725337,"CanSino, Covaxin, Johnson&Johnson, Moderna, Oxford/AstraZeneca, Pfizer/BioNTech, Sinopharm/Beijing, Sinovac, Sputnik Light, Sputnik V",55389602.0,25020168.0,23521989.0,6925973.0,401310.0,147.87,66.8,62.8,18.49,10714.0,294508.0,0.786,"CanSino, Covaxin, Johnson&Johnson, Moderna, Oxford/AstraZeneca, Pfizer/BioNTech, Sinopharm/Beijing, Sinovac, Sputnik Light, Sputnik V",146.82334580602952,10.374601428671863
Mozambique,Africa,225493,2201.0,223190.0,102.0,13.0,6857,67.0,1319772.0,40132.0,32885526,"Johnson&Johnson, Oxford/AstraZeneca, Sinopharm/Beijing",34950858.0,22869646.0,21329745.0,2323562.0,588728.0,106.01,69.37,64.7,7.05,17857.0,715871.0,2.171,"Johnson&Johnson, Oxford/AstraZeneca, Sinopharm/Beijing",106.28036784328765,17.085754206029527
Myanmar,Asia,613140,19434.0,592089.0,1617.0,,11130,353.0,8083326.0,146732.0,55089133,"Oxford/AstraZeneca, Sinopharm/Beijing",93477104.0,41551927.0,35937796.0,15987381.0,366806.0,172.53,76.69,66.33,29.51,6770.0,287725.0,0.531,"Oxford/AstraZeneca, Sinopharm/Beijing",169.683382020189,7.585243994860531
Namibia,Africa,160074,4028.0,153662.0,2384.0,,60944,1534.0,1018783.0,387873.0,2626590,"Johnson&Johnson, Oxford/AstraZeneca, Pfizer/BioNTech, Sinopharm/Beijing",1005937.0,629767.0,550978.0,298560.0,16348.0,39.19,24.53,21.46,11.63,6368.0,3006.0,0.117,"Johnson&Johnson, Oxford/AstraZeneca, Pfizer/BioNTech, Sinopharm/Beijing",38.29821174983534,15.712276313994247
Nauru,Australia/Oceania,8,,5.0,3.0,,731,,,,10951,,,,,,,,,,,,,,,,
Nepal,Asia,978998,11952.0,966904.0,142.0,,32511,397.0,5669140.0,188264.0,30112649,"Covaxin, Johnson&Johnson, Moderna, Oxford/AstraZeneca, Pfizer/BioNTech, Sinopharm/Beijing, Sputnik V",62627629.0,27883196.0,24471043.0,10273390.0,567406.0,205.02,91.28,80.11,33.63,18574.0,447322.0,1.464,"Covaxin, Johnson&Johnson, Moderna, Oxford/AstraZeneca, Pfizer/BioNTech, Sinopharm/Beijing, Sputnik V",207.97781357594945,17.268897928080804
Netherlands,Europe,8067116,22292.0,7989151.0,55673.0,55.0,468869,1296.0,21107399.0,1226784.0,17205480,"Johnson&Johnson, Moderna, Novavax, Oxford/AstraZeneca, Pfizer/BioNTech",39764182.0,12582081.0,11768644.0,9416761.0,267180.0,226.4,71.64,67.0,53.61,15212.0,142939.0,0.814,"Johnson&Johnson, Moderna, Novavax, Oxford/AstraZeneca, Pfizer/BioNTech",231.11347082441176,38.21937511106887
New Caledonia,Australia/Oceania,61049,312.0,60339.0,398.0,9.0,210072,1074.0,98964.0,340539.0,290610,Pfizer/BioNTech,480702.0,192375.0,184816.0,103511.0,12978.0,165.78,66.35,63.74,35.7,44758.0,3736.0,1.288,Pfizer/BioNTech,165.41137607102303,61.68808859787397
New Zealand,Australia/Oceania,1043683,923.0,989005.0,53755.0,,208649,185.0,7127584.0,1424918.0,5002100,"Novavax, Oxford/AstraZeneca, Pfizer/BioNTech",13398398.0,4302330.0,4291717.0,4944676.0,81486.0,258.39,82.97,82.77,95.36,15715.0,58163.0,1.122,"Novavax, Oxford/AstraZeneca, Pfizer/BioNTech",267.85546070650327,14.642871974570907
Nicaragua,North America,18491,225.0,4225.0,14041.0,,2731,33.0,,,6771338,"Abdala, Johnson&Johnson, Moderna, Oxford/AstraZeneca, Pfizer/BioNTech, Sinopharm/Beijing, Soberana02, Sputnik Light, Sputnik V",15507763.0,6404524.0,6126708.0,2892531.0,425219.0,223.18,92.17,88.17,41.63,61197.0,185228.0,2.666,"Abdala, Johnson&Johnson, Moderna, Oxford/AstraZeneca, Pfizer/BioNTech, Sinopharm/Beijing, Soberana02, Sputnik Light, Sputnik V",229.02066031853673,
Niger,Africa,9013,310.0,8579.0,124.0,1.0,349,12.0,253043.0,9794.0,25837472,"Oxford/AstraZeneca, Sinopharm/Beijing",7372208.0,6248483.0,5483001.0,0.0,178386.0,28.13,23.84,20.92,0.0,6807.0,161635.0,0.617,"Oxford/AstraZeneca, Sinopharm/Beijing",28.533008182843894,3.5618452199823745
Nigeria,Africa,255859,3143.0,249943.0,2773.0,11.0,1186,15.0,5114703.0,23717.0,215651424,Oxford/AstraZeneca,133048021.0,93829435.0,81297808.0,16826715.0,491996.0,60.88,42.93,37.2,7.7,2251.0,417290.0,0.191,Oxford/AstraZeneca,61.69586944160406,5.002421450473273
Niue,Australia/Oceania,9,,9.0,0.0,,5464,,,,1647,Pfizer/BioNTech,4923.0,1638.0,1635.0,1225.0,87.0,252.2,83.91,83.76,62.76,44570.0,87.0,4.457,Pfizer/BioNTech,298.90710382513663,
Norway,Europe,1429717,3061.0,,,20.0,259940,557.0,11002430.0,2000372.0,5500191,"Moderna, Pfizer/BioNTech",12145560.0,4346995.0,4054726.0,3743839.0,69148.0,223.5,79.99,74.61,68.89,12724.0,50916.0,0.937,"Moderna, Pfizer/BioNTech",220.82069513585984,12.994556657029403
Oman,Asia,389408,4260.0,384592.0,556.0,2.0,72808,796.0,25000000.0,4674286.0,5348410,"CanSino, Covaxin, Johnson&Johnson, Moderna, Oxford/AstraZeneca, Pfizer/BioNTech, Sinopharm/Beijing, Sinovac, Sputnik Light, Sputnik V",7108547.0,3279632.0,3048826.0,779859.0,61172.0,155.33,71.67,66.62,17.04,13367.0,39444.0,0.862,"CanSino, Covaxin, Johnson&Johnson, Moderna, Oxford/AstraZeneca, Pfizer/BioNTech, Sinopharm/Beijing, Sinovac, Sputnik Light, Sputnik V",132.90953760089448,1.557632
Pakistan,Asia,1529249,30376.0,1494141.0,4732.0,109.0,6681,133.0,28350449.0,123867.0,228878790,"CanSino, Covaxin, Johnson&Johnson, Moderna, Oxford/AstraZeneca, Pfizer/BioNTech, Sinopharm/Beijing, Sinovac, Sputnik Light, Sputnik V",340974144.0,165567890.0,140475871.0,53152375.0,2175773.0,144.59,70.21,59.57,22.54,9226.0,2148477.0,0.911,"CanSino, Covaxin, Johnson&Johnson, Moderna, Oxford/AstraZeneca, Pfizer/BioNTech, Sinopharm/Beijing, Sinovac, Sputnik Light, Sputnik V",148.97585923099297,5.394090936619734
Palau,Australia/Oceania,4879,6.0,4166.0,707.0,1.0,267269,329.0,49264.0,2698658.0,18255,,,,,,,,,,,,,,,,9.903783696005195
Panama,North America,806277,8203.0,773421.0,24653.0,16.0,181543,1847.0,6019923.0,1355456.0,4441253,"Oxford/AstraZeneca, Pfizer/BioNTech",8893001.0,3533477.0,3174155.0,2033783.0,71750.0,201.72,80.15,72.0,46.13,16275.0,66795.0,1.515,"Oxford/AstraZeneca, Pfizer/BioNTech",200.2363071862828,13.393476959755132
Papua New Guinea,Australia/Oceania,43876,651.0,43200.0,25.0,7.0,4737,70.0,249149.0,26898.0,9262605,Oxford/AstraZeneca,737695.0,382020.0,321192.0,34483.0,5196.0,7.27,3.77,3.17,0.34,512.0,2530.0,0.025,Oxford/AstraZeneca,7.964228205780123,17.610345616478494
Paraguay,South America,649718,18872.0,624673.0,6173.0,2.0,89055,2587.0,2633737.0,360998.0,7295705,"Covaxin, Moderna, Oxford/AstraZeneca, Pfizer/BioNTech, Sinopharm/Beijing, Sinovac, Sputnik V",9745545.0,3993938.0,3546685.0,2204922.0,90584.0,143.72,58.9,52.31,32.52,13359.0,79467.0,1.172,"Covaxin, Moderna, Oxford/AstraZeneca, Pfizer/BioNTech, Sinopharm/Beijing, Sinovac, Sputnik V",133.57920858916307,24.669053895662323
Peru,South America,3571919,213023.0,,,248.0,105593,6297.0,30226868.0,893567.0,33827210,"Moderna, Oxford/AstraZeneca, Pfizer/BioNTech, Sinopharm/Beijing",91412580.0,30563708.0,28709644.0,32139228.0,390093.0,268.47,89.76,84.32,94.39,11457.0,317610.0,0.933,"Moderna, Oxford/AstraZeneca, Pfizer/BioNTech, Sinopharm/Beijing",270.23387385480504,11.817033111071911
Philippines,Asia,3687922,60455.0,3624459.0,3008.0,289.0,32841,538.0,29827732.0,265614.0,112297269,"Covaxin, Johnson&Johnson, Moderna, Novavax, Oxford/AstraZeneca, Pfizer/BioNTech, Sinopharm/Beijing, Sinovac, Sputnik Light, Sputnik V",189317158.0,82684774.0,78443972.0,23811248.0,1862695.0,163.83,71.55,67.88,20.61,16119.0,768187.0,0.665,"Covaxin, Johnson&Johnson, Moderna, Novavax, Oxford/AstraZeneca, Pfizer/BioNTech, Sinopharm/Beijing, Sinovac, Sputnik Light, Sputnik V",168.58571867851924,12.36407112682922
Poland,Europe,6003436,116207.0,5335112.0,552117.0,981.0,158950,3077.0,36224215.0,959088.0,37769420,"Johnson&Johnson, Moderna, Novavax, Oxford/AstraZeneca, Pfizer/BioNTech",58032403.0,22877472.0,22649355.0,15394535.0,341329.0,145.6,57.4,56.83,38.62,8564.0,200892.0,0.504,"Johnson&Johnson, Moderna, Novavax, Oxford/AstraZeneca, Pfizer/BioNTech",153.64917703263646,16.572991298776245
Portugal,Europe,4066674,22583.0,,,61.0,400999,2227.0,41903714.0,4131968.0,10141346,"Covaxin, Johnson&Johnson, Moderna, Novavax, Oxford/AstraZeneca, Pfizer/BioNTech, Sanofi/GSK, Sinopharm/Beijing, Sinovac",28314797.0,9821414.0,8909769.0,7086326.0,152591.0,275.68,95.62,86.75,68.99,14857.0,68154.0,0.664,"Covaxin, Johnson&Johnson, Moderna, Novavax, Oxford/AstraZeneca, Pfizer/BioNTech, Sanofi/GSK, Sinopharm/Beijing, Sinovac",279.20156752367984,9.704805640855605
Qatar,Asia,366179,677.0,364474.0,1028.0,1.0,130415,241.0,3487616.0,1242115.0,2807805,"CanSino, Covaxin, Johnson&Johnson, Moderna, Oxford/AstraZeneca, Pfizer/BioNTech, Sinopharm/Beijing, Sinovac, Sputnik Light, Sputnik V",7609178.0,2852178.0,2852178.0,1904822.0,37344.0,282.33,105.83,105.83,70.68,13856.0,20179.0,0.749,"CanSino, Covaxin, Johnson&Johnson, Moderna, Oxford/AstraZeneca, Pfizer/BioNTech, Sinopharm/Beijing, Sinovac, Sputnik Light, Sputnik V",271.0009420169848,10.499407044812273
Reunion,Africa,405980,762.0,395430.0,9788.0,10.0,447503,840.0,1603660.0,1767679.0,907212,,,,,,,,,,,,,,,,25.31584001596348
Romania,Europe,2903072,65612.0,,,138.0,152803,3453.0,22954921.0,1208233.0,18998751,"Johnson&Johnson, Moderna, Oxford/AstraZeneca, Pfizer/BioNTech",16827486.0,8188137.0,8114769.0,0.0,131697.0,85.6,41.65,41.28,0.0,6699.0,59501.0,0.303,"Johnson&Johnson, Moderna, Oxford/AstraZeneca, Pfizer/BioNTech",88.57153820269554,12.64683942933195
Russia,Europe,18260293,377670.0,17647179.0,235444.0,2300.0,125027,2586.0,273400000.0,1871949.0,146050996,"EpiVacCorona, Sputnik V",187374508.0,89081596.0,79702396.0,20829310.0,1020075.0,129.48,61.56,55.08,14.39,7049.0,569281.0,0.393,"EpiVacCorona, Sputnik V",128.29389263459728,6.678965983906364
Rwanda,Africa,129907,1459.0,45522.0,82926.0,,9587,108.0,5343203.0,394334.0,13549956,"Johnson&Johnson, Moderna, Oxford/AstraZeneca, Pfizer/BioNTech, Sinopharm/Beijing, Sinovac, Sputnik V",27322059.0,10884714.0,10399665.0,5879013.0,370105.0,198.32,79.01,75.49,42.67,26865.0,129197.0,0.938,"Johnson&Johnson, Moderna, Oxford/AstraZeneca, Pfizer/BioNTech, Sinopharm/Beijing, Sinovac, Sputnik V",201.63946657834165,2.4312570568627097
Saint Barthelemy,North America,4611,6.0,,,,464210,604.0,78646.0,7917648.0,9933,,,,,,,,,,,,,,,,5.862980952623147
Saint Helena,Africa,2,,2.0,0.0,,327,,,,6111,Oxford/AstraZeneca,7892.0,4361.0,3531.0,0.0,165.0,146.12,80.74,65.38,0.0,30550.0,149.0,2.759,Oxford/AstraZeneca,129.14416625756832,
Saint Kitts And Nevis,North America,5605,43.0,5547.0,15.0,,103989,798.0,70707.0,1311818.0,53900,"Oxford/AstraZeneca, Pfizer/BioNTech",64297.0,33794.0,27000.0,3503.0,894.0,134.85,70.88,56.63,7.35,18750.0,496.0,1.04,"Oxford/AstraZeneca, Pfizer/BioNTech",119.28942486085343,7.927079355650784
Saint Lucia,North America,24267,368.0,23277.0,622.0,1.0,131038,1987.0,143281.0,773697.0,185190,"Johnson&Johnson, Moderna, Oxford/AstraZeneca, Pfizer/BioNTech",122977.0,60140.0,54971.0,7866.0,1912.0,68.37,33.43,30.56,4.37,10630.0,1912.0,1.063,"Johnson&Johnson, Moderna, Oxford/AstraZeneca, Pfizer/BioNTech",66.40585344781036,16.936648962528178
Saint Martin,North America,10602,63.0,1399.0,9140.0,7.0,265754,1579.0,112382.0,2817015.0,39894,,,,,,,,,,,,,,,,9.43389510775747
Saint Pierre And Miquelon,North America,2739,1.0,2449.0,289.0,1.0,477095,174.0,23687.0,4125936.0,5741,,,,,,,,,,,,,,,,11.563304766327521
Saint Vincent And The Grenadines,North America,6799,106.0,6641.0,52.0,,60925,950.0,99138.0,888365.0,111596,"Oxford/AstraZeneca, Pfizer/BioNTech, Sputnik Light, Sputnik V",73443.0,37532.0,31632.0,4279.0,889.0,70.65,36.1,30.43,4.12,8551.0,454.0,0.437,"Oxford/AstraZeneca, Pfizer/BioNTech, Sputnik Light, Sputnik V",65.81149862002222,6.858116968266457
Samoa,Australia/Oceania,11313,24.0,1605.0,9684.0,4.0,56320,119.0,85921.0,427746.0,200869,Oxford/AstraZeneca,453083.0,191403.0,177954.0,82268.0,4590.0,203.73,86.07,80.02,36.99,20639.0,2219.0,0.998,Oxford/AstraZeneca,225.561435562481,13.166746197088022
San Marino,Europe,16852,115.0,16454.0,283.0,4.0,494716,3376.0,152231.0,4468970.0,34064,"Pfizer/BioNTech, Sputnik V",69338.0,26357.0,23633.0,19348.0,725.0,205.81,78.23,70.15,57.43,21520.0,673.0,1.998,"Pfizer/BioNTech, Sputnik V",203.55213715359324,11.070018590168889
Sao Tome And Principe,Africa,5970,73.0,5891.0,6.0,,26330,322.0,29036.0,128060.0,226737,Oxford/AstraZeneca,263863.0,140256.0,111986.0,34624.0,2448.0,116.04,61.68,49.25,15.23,10766.0,1352.0,0.595,Oxford/AstraZeneca,116.37403687973291,20.560683289709324
Saudi Arabia,Asia,759226,9116.0,743921.0,6189.0,61.0,21194,254.0,42144668.0,1176452.0,35823522,"Oxford/AstraZeneca, Pfizer/BioNTech",68534631.0,27041364.0,25433941.0,10793985.0,402957.0,188.24,74.27,69.86,29.65,11068.0,171173.0,0.47,"Oxford/AstraZeneca, Pfizer/BioNTech",191.31181741426764,1.801475811839353
Senegal,Africa,86039,1966.0,84059.0,14.0,,4898,112.0,1081824.0,61589.0,17565349,"Johnson&Johnson, Oxford/AstraZeneca, Sinopharm/Beijing",3179647.0,2684696.0,1546628.0,815965.0,41586.0,18.36,15.5,8.93,4.71,2402.0,73656.0,0.425,"Johnson&Johnson, Oxford/AstraZeneca, Sinopharm/Beijing",18.101815113380326,7.953142100748366
Serbia,Europe,2012836,16049.0,1988209.0,8578.0,12.0,232112,1851.0,9596815.0,1106664.0,8671838,"Oxford/AstraZeneca, Pfizer/BioNTech, Sinopharm/Beijing, Sputnik V",8534688.0,3354075.0,3278198.0,1902412.0,64449.0,124.2,48.81,47.71,27.69,9379.0,45317.0,0.659,"Oxford/AstraZeneca, Pfizer/BioNTech, Sinopharm/Beijing, Sputnik V",98.4184437024769,20.97400022820071
Seychelles,Africa,43235,167.0,42553.0,515.0,,434606,1679.0,,,99481,"Oxford/AstraZeneca, Sinopharm/Beijing, Sputnik V",224558.0,88520.0,83565.0,44936.0,2401.0,209.6,82.62,78.0,41.94,22411.0,2170.0,2.025,"Oxford/AstraZeneca, Sinopharm/Beijing, Sputnik V",225.72953629336254,
Sierra Leone,Africa,7682,125.0,,,,928,15.0,259958.0,31400.0,8279028,"Oxford/AstraZeneca, Sinopharm/Beijing",9155936.0,5676123.0,4961886.0,1201709.0,60860.0,106.39,65.96,57.66,13.96,7072.0,34358.0,0.399,"Oxford/AstraZeneca, Sinopharm/Beijing",110.59191972777481,2.9550927457512364
Singapore,Asia,1240233,1362.0,1162140.0,76731.0,8.0,208933,229.0,23767171.0,4003881.0,5936034,"Moderna, Novavax, Pfizer/BioNTech, Sinopharm/Beijing, Sinovac",14727569.0,5160551.0,5120969.0,4440289.0,75745.0,261.27,91.55,90.85,78.77,13437.0,59894.0,1.063,"Moderna, Novavax, Pfizer/BioNTech, Sinopharm/Beijing, Sinovac",248.10452568162512,5.218260936482512
Sint Maarten,North America,10123,86.0,9985.0,52.0,10.0,231208,1964.0,62056.0,1417354.0,43783,"Moderna, Oxford/AstraZeneca, Pfizer/BioNTech",66829.0,29788.0,26773.0,9146.0,892.0,151.22,67.41,60.58,20.7,20185.0,219.0,0.496,"Moderna, Oxford/AstraZeneca, Pfizer/BioNTech",152.63686819085035,16.31268531648833
Slovakia,Europe,1787093,20041.0,1761664.0,5388.0,30.0,327033,3667.0,7127129.0,1304244.0,5464567,"Johnson&Johnson, Moderna, Novavax, Oxford/AstraZeneca, Pfizer/BioNTech, Sputnik V",5754313.0,2595901.0,2577827.0,684026.0,35902.0,101.96,46.0,45.68,12.12,6362.0,23668.0,0.419,"Johnson&Johnson, Moderna, Novavax, Oxford/AstraZeneca, Pfizer/BioNTech, Sputnik V",105.30226823095042,25.074514576626854
Slovenia,Europe,1019468,6622.0,1003559.0,9287.0,9.0,490254,3184.0,2656926.0,1277694.0,2079470,"Johnson&Johnson, Moderna, Novavax, Oxford/AstraZeneca, Pfizer/BioNTech",2996643.0,1265802.0,1222225.0,657967.0,19121.0,141.36,59.71,57.66,31.04,9020.0,11155.0,0.526,"Johnson&Johnson, Moderna, Novavax, Oxford/AstraZeneca, Pfizer/BioNTech",144.1060943413466,38.3702067727893
Solomon Islands,Australia/Oceania,18174,146.0,16357.0,1671.0,2.0,25303,203.0,5117.0,7124.0,718243,Oxford/AstraZeneca,625956.0,343821.0,254352.0,27783.0,11404.0,86.43,47.47,35.12,3.84,15745.0,4596.0,0.635,Oxford/AstraZeneca,87.15100599657775,355.16904436193084
Somalia,Africa,26518,1350.0,13182.0,11986.0,,1586,81.0,400466.0,23953.0,16718643,"CanSino, Covaxin, Johnson&Johnson, Moderna, Oxford/AstraZeneca, Pfizer/BioNTech, Sinopharm/Beijing, Sinovac, Sputnik Light, Sputnik V",10555834.0,8972167.0,7666835.0,28134.0,111118.0,59.98,50.99,43.57,0.16,6314.0,111118.0,0.631,"CanSino, Covaxin, Johnson&Johnson, Moderna, Oxford/AstraZeneca, Pfizer/BioNTech, Sinopharm/Beijing, Sinovac, Sputnik Light, Sputnik V",63.13810277544655,6.621785619752988
South Africa,Africa,3887449,100753.0,3708347.0,78349.0,192.0,64042,1660.0,24841314.0,409239.0,60701292,"Johnson&Johnson, Pfizer/BioNTech",41798812.0,24210953.0,21038797.0,4410601.0,241230.0,69.79,40.42,35.13,7.36,4028.0,210884.0,0.352,"Johnson&Johnson, Pfizer/BioNTech",68.85983909535237,15.649127900400114
South Korea,Asia,17782061,23709.0,,,338.0,346282,462.0,15804065.0,307763.0,51351355,"Johnson&Johnson, Moderna, Novavax, Oxford/AstraZeneca, Pfizer/BioNTech",129647782.0,44784499.0,44372679.0,41325954.0,881020.0,250.21,86.43,85.64,79.76,17003.0,601038.0,1.16,"Johnson&Johnson, Moderna, Novavax, Oxford/AstraZeneca, Pfizer/BioNTech",252.4719785875173,112.51574199422743
South Sudan,Africa,17525,138.0,13514.0,3873.0,1.0,1532,12.0,389677.0,34068.0,11438136,"Johnson&Johnson, Oxford/AstraZeneca",4365547.0,4315127.0,4273253.0,513122.0,97376.0,40.0,39.54,39.16,4.7,8923.0,97358.0,0.892,"Johnson&Johnson, Oxford/AstraZeneca",38.1665946269567,4.497314442474152
Spain,Europe,12127122,105444.0,11548089.0,473589.0,339.0,259190,2254.0,471036328.0,10067352.0,46788503,"Johnson&Johnson, Moderna, Oxford/AstraZeneca, Pfizer/BioNTech",105840320.0,41351234.0,40739123.0,26559282.0,670109.0,222.55,86.95,85.66,55.85,14090.0,275069.0,0.578,"Johnson&Johnson, Moderna, Oxford/AstraZeneca, Pfizer/BioNTech",226.21010122935542,2.574561934849322
Sri Lanka,Asia,663671,16511.0,646921.0,239.0,,30753,765.0,6486117.0,300555.0,21580463,"Moderna, Oxford/AstraZeneca, Pfizer/BioNTech, Sinopharm/Beijing, Sputnik V",40116590.0,17143761.0,14752827.0,8220002.0,475620.0,183.75,78.53,67.57,37.65,21785.0,420233.0,1.925,"Moderna, Oxford/AstraZeneca, Pfizer/BioNTech, Sinopharm/Beijing, Sputnik V",185.89309228444264,10.232177433740402
State Of Palestine,Asia,582119,5353.0,576684.0,82.0,17.0,109376,1006.0,3078533.0,578432.0,5322203,,,,,,,,,,,,,,,,18.908973852156205
Sudan,Africa,62161,4936.0,,,,1359,108.0,562941.0,12303.0,45755378,"CanSino, Covaxin, Johnson&Johnson, Moderna, Oxford/AstraZeneca, Pfizer/BioNTech, Sinopharm/Beijing, Sinovac, Sputnik Light, Sputnik V",22598737.0,15207452.0,13416394.0,3891363.0,159116.0,48.21,32.44,28.62,8.3,3395.0,151710.0,0.324,"CanSino, Covaxin, Johnson&Johnson, Moderna, Oxford/AstraZeneca, Pfizer/BioNTech, Sinopharm/Beijing, Sinovac, Sputnik Light, Sputnik V",49.390340519097016,11.04218736954672
Suriname,South America,80008,1337.0,49455.0,29216.0,,134147,2242.0,236268.0,396143.0,596421,"Oxford/AstraZeneca, Pfizer/BioNTech, Sinopharm/Beijing",505699.0,267820.0,237879.0,48889.0,6238.0,81.82,43.33,38.49,7.91,10093.0,5461.0,0.884,"Oxford/AstraZeneca, Pfizer/BioNTech, Sinopharm/Beijing",84.78893264992347,33.86324004943539
Swaziland,Africa,71698,1402.0,69549.0,747.0,11.0,60631,1186.0,1021394.0,863732.0,1182536,,,,,,,,,,,,,,,,7.019622202597627
Sweden,Europe,2504894,18864.0,2477725.0,8305.0,9.0,245180,1846.0,18553837.0,1816057.0,10216549,"Moderna, Novavax, Oxford/AstraZeneca, Pfizer/BioNTech",28312817.0,7775726.0,7593676.0,9836355.0,110659.0,268.38,73.71,71.98,93.24,10490.0,58818.0,0.558,"Moderna, Novavax, Oxford/AstraZeneca, Pfizer/BioNTech",277.1270122621641,13.500679131761265
Switzerland,Europe,3631881,13882.0,3551493.0,66506.0,78.0,414008,1582.0,20927607.0,2385592.0,8772500,"Johnson&Johnson, Moderna, Novavax, Pfizer/BioNTech",16940716.0,6096911.0,0.0,4885838.0,92595.0,193.82,69.75,0.0,55.9,10594.0,51131.0,0.585,"Johnson&Johnson, Moderna, Novavax, Pfizer/BioNTech",193.11161014534056,17.354497339327903
Syria,Asia,55869,3150.0,52479.0,240.0,,3054,172.0,146269.0,7996.0,18292142,"CanSino, Covaxin, Johnson&Johnson, Moderna, Oxford/AstraZeneca, Pfizer/BioNTech, Sinopharm/Beijing, Sinovac, Sputnik Light, Sputnik V",5090630.0,3295630.0,2358365.0,75881.0,90157.0,23.01,14.9,10.66,0.34,4075.0,26164.0,0.118,"CanSino, Covaxin, Johnson&Johnson, Moderna, Oxford/AstraZeneca, Pfizer/BioNTech, Sinopharm/Beijing, Sinovac, Sputnik Light, Sputnik V",27.829600273166477,38.19606341740218
Taiwan,Asia,768543,1068.0,60634.0,706841.0,,32161,45.0,16207475.0,678221.0,23897056,"Medigen, Moderna, Novavax, Oxford/AstraZeneca, Pfizer/BioNTech",68158988.0,21899240.0,20793089.0,25466659.0,585216.0,285.26,91.65,87.02,106.58,24493.0,232198.0,0.972,"Medigen, Moderna, Novavax, Oxford/AstraZeneca, Pfizer/BioNTech",285.21918348435895,4.741904584150214
Tajikistan,Asia,17388,124.0,17264.0,0.0,,1750,12.0,,,9936493,"Moderna, Oxford/AstraZeneca, Pfizer/BioNTech, Sinovac, Sputnik V",20568163.0,5328277.0,5191919.0,5322496.0,88171.0,206.66,53.54,52.17,53.48,8859.0,80688.0,0.811,"Moderna, Oxford/AstraZeneca, Pfizer/BioNTech, Sinovac, Sputnik V",206.9962007722443,
Tanzania,Africa,35354,840.0,,,7.0,562,13.0,,,62901456,"Johnson&Johnson, Pfizer/BioNTech, Sinopharm/Beijing",39392419.0,34434933.0,32165791.0,7171363.0,263699.0,60.14,52.57,49.11,10.95,4026.0,260678.0,0.398,"Johnson&Johnson, Pfizer/BioNTech, Sinopharm/Beijing",62.62560758529977,
Thailand,Asia,4373846,29475.0,4273599.0,70772.0,1496.0,62371,420.0,17270775.0,246281.0,70126166,"Moderna, Oxford/AstraZeneca, Pfizer/BioNTech, Sinopharm/Beijing, Sinovac",142635014.0,57005497.0,53486086.0,32143431.0,846179.0,198.94,79.51,74.6,44.83,11802.0,400006.0,0.558,"Moderna, Oxford/AstraZeneca, Pfizer/BioNTech, Sinopharm/Beijing, Sinovac",203.397707497655,25.325128721785788
Timor Leste,Asia,22889,131.0,22746.0,12.0,,16766,96.0,264799.0,193963.0,1365204,"Oxford/AstraZeneca, Pfizer/BioNTech, Sinovac",2028798.0,886838.0,801759.0,340201.0,11248.0,151.26,66.12,59.77,25.36,8386.0,8905.0,0.664,"Oxford/AstraZeneca, Pfizer/BioNTech, Sinovac",148.6076806103703,8.643914818409435
Togo,Africa,37023,273.0,36727.0,23.0,,4285,32.0,735638.0,85144.0,8639966,Oxford/AstraZeneca,3423181.0,2255579.0,1554066.0,427804.0,37978.0,38.69,25.49,17.56,4.83,4292.0,26372.0,0.298,Oxford/AstraZeneca,39.62030637620565,5.032774272128411
Tonga,Australia/Oceania,11049,11.0,10110.0,928.0,,102376,102.0,518262.0,4802012.0,107926,,,,,,,,,,,,,,,,2.13193326927307
Trinidad And Tobago,North America,154643,3871.0,141354.0,9418.0,18.0,109837,2749.0,726218.0,515806.0,1407928,"Johnson&Johnson, Oxford/AstraZeneca, Pfizer/BioNTech, Sinopharm/Beijing",1580898.0,753588.0,716898.0,168619.0,17908.0,103.26,49.22,46.82,11.01,11697.0,13786.0,0.9,"Johnson&Johnson, Oxford/AstraZeneca, Pfizer/BioNTech, Sinopharm/Beijing",112.28542936854726,21.294294550672113
Tunisia,Africa,1041197,28575.0,,,29.0,86414,2372.0,4592916.0,381189.0,12048936,"CanSino, Covaxin, Johnson&Johnson, Moderna, Oxford/AstraZeneca, Pfizer/BioNTech, Sinopharm/Beijing, Sinovac, Sputnik Light, Sputnik V",13253317.0,7218871.0,6401841.0,1258577.0,167388.0,107.26,58.42,51.81,10.19,13547.0,162627.0,1.316,"CanSino, Covaxin, Johnson&Johnson, Moderna, Oxford/AstraZeneca, Pfizer/BioNTech, Sinopharm/Beijing, Sinovac, Sputnik Light, Sputnik V",109.99574568244034,22.66962861937819
Turkey,Asia,15053168,98890.0,14951238.0,3040.0,975.0,174977,1149.0,160622710.0,1867071.0,86029250,"Pfizer/BioNTech, Sinovac, Turkovac",152543341.0,57941051.0,53176961.0,41425329.0,1264431.0,178.75,67.89,62.31,48.54,14816.0,1155560.0,1.354,"Pfizer/BioNTech, Sinovac, Turkovac",177.31566996108882,9.371755712501676
Turks And Caicos Islands,North America,6046,36.0,5963.0,47.0,4.0,152323,907.0,505354.0,12731886.0,39692,Pfizer/BioNTech,73907.0,32815.0,30710.0,7443.0,517.0,161.63,71.76,67.16,16.28,11306.0,236.0,0.516,Pfizer/BioNTech,186.2012496220901,1.19638906588253
Uganda,Africa,164069,3596.0,100205.0,60268.0,2.0,3388,74.0,2612795.0,53950.0,48429823,"Johnson&Johnson, Moderna, Oxford/AstraZeneca, Pfizer/BioNTech, Sinovac",26406936.0,20033189.0,13061126.0,764664.0,294514.0,55.89,42.4,27.64,1.62,6233.0,263652.0,0.558,"Johnson&Johnson, Moderna, Oxford/AstraZeneca, Pfizer/BioNTech, Sinovac",54.52618730405023,6.279444043639091
UK,Europe,22159805,176708.0,21677896.0,305201.0,253.0,323264,2578.0,519264096.0,7574950.0,68550166,"Moderna, Oxford/AstraZeneca, Pfizer/BioNTech",151248820.0,53813491.0,50762968.0,40373987.0,970350.0,224.04,79.71,75.19,59.81,14374.0,506394.0,0.75,"Moderna, Oxford/AstraZeneca, Pfizer/BioNTech",220.6396115802258,4.267540384690876
Ukraine,Europe,5006460,108449.0,,,177.0,115771,2508.0,19521252.0,451415.0,43244553,"Johnson&Johnson, Moderna, Oxford/AstraZeneca, Pfizer/BioNTech, Sinovac",35735488.0,16267198.0,15741036.0,3294979.0,255007.0,90.01,40.97,39.65,8.3,6423.0,188506.0,0.475,"Johnson&Johnson, Moderna, Oxford/AstraZeneca, Pfizer/BioNTech, Sinovac",82.63581311616286,25.646203429984922
United Arab Emirates,Asia,902484,2302.0,886128.0,14054.0,,89240,228.0,159103283.0,15732628.0,10112950,"CanSino, Covaxin, Johnson&Johnson, Moderna, Oxford/AstraZeneca, Pfizer/BioNTech, Sinopharm/Beijing, Sinovac, Sputnik Light, Sputnik V",24922054.0,9991089.0,9792266.0,5138699.0,155312.0,263.97,105.83,103.72,54.43,16451.0,60087.0,0.636,"CanSino, Covaxin, Johnson&Johnson, Moderna, Oxford/AstraZeneca, Pfizer/BioNTech, Sinopharm/Beijing, Sinovac, Sputnik Light, Sputnik V",246.4370337043098,0.5672315385220555
Uruguay,South America,902540,7213.0,892434.0,2893.0,18.0,258152,2063.0,6114822.0,1749015.0,3496151,"Oxford/AstraZeneca, Pfizer/BioNTech, Sinovac",9036273.0,3010451.0,2903089.0,3122733.0,49542.0,264.0,87.95,84.82,91.23,14474.0,34806.0,1.017,"Oxford/AstraZeneca, Pfizer/BioNTech, Sinovac",258.4634645357137,14.759873631644552
USA,North America,84209473,1026646.0,81244260.0,1938567.0,1941.0,251659,3068.0,1016882505.0,3038939.0,334617623,"Johnson&Johnson, Moderna, Novavax, Pfizer/BioNTech",676728782.0,270227181.0,230637348.0,133062763.0,3508126.0,203.83,81.39,69.47,40.08,10566.0,2017866.0,0.608,"Johnson&Johnson, Moderna, Novavax, Pfizer/BioNTech",202.2394325597131,8.28114089739404
Uzbekistan,Asia,238802,1637.0,236974.0,191.0,23.0,6947,48.0,1377915.0,40088.0,34372515,"Johnson&Johnson, Moderna, Oxford/AstraZeneca, Pfizer/BioNTech, Sinovac, Sputnik Light, Sputnik V, ZF2001",83937954.0,22094470.0,18451781.0,16413048.0,426314.0,242.4,63.81,53.29,47.4,12311.0,353943.0,1.022,"Johnson&Johnson, Moderna, Oxford/AstraZeneca, Pfizer/BioNTech, Sinovac, Sputnik Light, Sputnik V, ZF2001",244.20079240637466,17.330677146268094
Vanuatu,Australia/Oceania,8457,14.0,7974.0,469.0,,26386,44.0,24976.0,77926.0,320508,Oxford/AstraZeneca,366638.0,176624.0,162250.0,27697.0,8843.0,112.21,54.06,49.66,8.48,27064.0,2665.0,0.816,Oxford/AstraZeneca,114.39277646735806,33.86050608584241
Venezuela,South America,522921,5711.0,516170.0,1040.0,230.0,18487,202.0,3359014.0,118752.0,28285909,"Abdala, Sinopharm/Beijing, Sinovac, Soberana02, Sputnik Light, Sputnik V",37860994.0,22157232.0,14966671.0,651502.0,466473.0,133.78,78.29,52.88,2.3,16482.0,179745.0,0.635,"Abdala, Sinopharm/Beijing, Sinovac, Soberana02, Sputnik Light, Sputnik V",133.85107758071342,15.567693376687325
Viet Nam,Asia,10696630,43065.0,9355040.0,1298525.0,340.0,108080,435.0,85811485.0,867048.0,98969721,"Abdala, Moderna, Oxford/AstraZeneca, Pfizer/BioNTech, Sinopharm/Beijing, Sputnik V",266492149.0,90497674.0,85961564.0,57975220.0,1675471.0,271.41,92.17,87.55,59.05,17064.0,1242489.0,1.265,"Abdala, Moderna, Oxford/AstraZeneca, Pfizer/BioNTech, Sinopharm/Beijing, Sputnik V",269.2663435920972,12.465266158719897
Wallis And Futuna Islands,Australia/Oceania,454,7.0,438.0,9.0,,41755,644.0,20508.0,1886140.0,10873,Moderna,18058.0,7150.0,6803.0,3766.0,432.0,155.73,61.66,58.67,32.48,37254.0,272.0,2.346,Moderna,166.08111836659617,2.213770236005461
Western Sahara,Africa,10,1.0,9.0,0.0,,16,2.0,,,624681,,,,,,,,,,,,,,,,
Yemen,Asia,11819,2149.0,9009.0,661.0,23.0,381,69.0,265253.0,8543.0,31049015,"CanSino, Covaxin, Johnson&Johnson, Moderna, Oxford/AstraZeneca, Pfizer/BioNTech, Sinopharm/Beijing, Sinovac, Sputnik Light, Sputnik V",1298654.0,1050202.0,807057.0,68925.0,10240.0,3.85,3.12,2.4,0.2,304.0,10240.0,0.03,"CanSino, Covaxin, Johnson&Johnson, Moderna, Oxford/AstraZeneca, Pfizer/BioNTech, Sinopharm/Beijing, Sinovac, Sputnik Light, Sputnik V",4.182593232023624,4.45574602360765
Zambia,Africa,320591,3983.0,315997.0,611.0,,16575,206.0,3452554.0,178497.0,19342381,"Johnson&Johnson, Oxford/AstraZeneca, Sinopharm/Beijing",13454213.0,11711565.0,9213802.0,33684.0,180289.0,67.21,58.51,46.03,0.17,9006.0,47250.0,0.236,"Johnson&Johnson, Oxford/AstraZeneca, Sinopharm/Beijing",69.55820485595852,9.285618704298324
Zimbabwe,Africa,249206,5482.0,242417.0,1307.0,12.0,16324,359.0,2287793.0,149863.0,15265849,"Oxford/AstraZeneca, Sinopharm/Beijing, Sinovac, Sputnik V",12222754.0,6437808.0,4751270.0,1033676.0,121347.0,74.89,39.45,29.11,6.33,7435.0,85662.0,0.525,"Oxford/AstraZeneca, Sinopharm/Beijing, Sinovac, Sputnik V",80.06599567439714,10.892856128154952
